id,name,ChineseName,dateOfBirth,gender,currentRole,organization,party,education,careerHistory,bio,sources,slug
P001,Donald J. Trump,唐纳德·特朗普,1946-06-14,,美国总统,O051,Republican Party,Graduated from the University of Pennsylvania in 1968 with a bachelor's degree in economics.,"President of the United States (2017–2021; since 2025). President of his family's real estate business, renamed The Trump Organization, starting in 1971. Host of the reality television show The Apprentice from 2004 to 2015.","Donald John Trump (born June 14, 1946) is an American politician, media personality, and businessman who is the 47th president of the United States. A member of the Republican Party, he previously served as the 45th president from 2017 to 2021. Born into a wealthy New York City family, Trump graduated from the University of Pennsylvania in 1968 with a bachelor's degree in economics. He became president of his family's real estate business in 1971, renamed it the Trump Organization, and expanded into skyscrapers, hotels, casinos, and golf courses. From 2004 to 2015, he hosted the reality television show The Apprentice. Presenting himself as a political outsider, Trump won the 2016 presidential election against Democratic nominee Hillary Clinton.

During his first term, Trump's domestic policies included imposing a travel ban on seven Muslim-majority countries, expanding the Mexico–United States border wall, enforcing a family separation policy on the border, rolling back environmental and business regulations, and signing the Tax Cuts and Jobs Act. He appointed three Supreme Court justices. In foreign policy, he withdrew the U.S. from agreements on climate (Paris Agreement), trade, and Iran's nuclear program, and initiated a trade war with China. He signed the CARES Act in response to the COVID-19 pandemic, which he downplayed. After losing the 2020 presidential election to Joe Biden, Trump attempted to overturn the result, culminating in the January 6 Capitol attack. He was impeached in 2019 for abuse of power and obstruction of Congress, and in 2021 for incitement of insurrection; the Senate acquitted him both times.

In 2023, Trump was found liable in civil cases for sexual abuse and defamation and for business fraud. He was found guilty in 2024 on 34 counts of falsifying business records, becoming the first U.S. president convicted of a felony. After winning the 2024 presidential election against Kamala Harris, he was sentenced to a discharge, and two felony indictments for retention of classified documents and obstruction of the 2020 election were dismissed without prejudice.

Trump began his second presidency in 2025 by initiating mass layoffs of federal workers, imposing high tariffs, and signing the One Big Beautiful Bill Act. His administration's actions, including targeting political opponents and civil society, have drawn over 550 lawsuits. His leadership style and political agenda, often called Trumpism, have reshaped the Republican Party. Many of his comments and actions have been characterized as racist or misogynistic. He has made many false or misleading statements and promotes conspiracy theories. His actions, especially in his second term, have been described as authoritarian and contributing to democratic backsliding. Scholars and historians have ranked him as one of the worst presidents in American history.","[{""sourceName"": ""Wikipedia"", ""sourceUrl"": ""https://en.wikipedia.org/wiki/Donald_Trump"", ""reliability"": ""high""}]",donald-j-trump
P002,J.D. Vance,J.D. 万斯,1984-08-02,male,美国副总统,O051,Republican Party,Earned a Bachelor of Arts summa cum laude in political science and philosophy from Ohio State University in 2009 and a Juris Doctor from Yale Law School in 2013.,Enlisted in the U.S. Marine Corps (2003-2007). Worked as a corporate lawyer at Sidley Austin after law school. Served as a venture capitalist and principal at Mithril Capital (2016-2017). Served as U.S. Senator from Ohio (2023-2025). Became the 50th Vice President of the United States in 2025.,"James David Vance, known as J.D. Vance, is an American politician and author serving as the 50th vice president of the United States since 2025. A member of the Republican Party, he previously represented Ohio in the United States Senate from 2023 to 2025. Born James Donald Bowman on August 2, 1984, in Middletown, Ohio, he was raised in an Appalachian American culture. After graduating high school in 2003, he enlisted in the U.S. Marine Corps, serving as a combat correspondent and deploying to Iraq in 2005. He left the military in 2007 and used the G.I. Bill to attend Ohio State University, graduating summa cum laude in 2009. He then earned a Juris Doctor from Yale Law School in 2013.

Vance gained national prominence with his 2016 memoir, *Hillbilly Elegy*, which was interpreted as an account of white working-class disaffection. After law school, he worked briefly in corporate law before becoming a venture capitalist, working for Peter Thiel's Mithril Capital and later co-founding Narya Capital. His political career began with his election to the U.S. Senate in 2022, winning a crowded Republican primary with Donald Trump's endorsement and defeating Democrat Tim Ryan in the general election.

Originally a critic of Trump's candidacy, Vance became a strong supporter during Trump's presidency. He was selected as Trump's running mate for the 2024 presidential election and resigned from the Senate before his inauguration as vice president. In his role as vice president, he also serves as finance chair of the Republican National Committee. Described as a national conservative and right-wing populist aligned with the ""postliberal"" New Right, his political platform is characterized by opposition to immigration, abortion, same-sex marriage, gun control, and U.S. support for Ukraine. He is an outspoken critic of childlessness and cites Catholic social teaching as an influence, though this stance has been criticized by Pope Francis and his successor. Key events during his vice presidency include the Munich Security Conference speech and the 2025 Trump-Zelenskyy Oval Office meeting.","[{""sourceName"": ""Wikipedia"", ""sourceUrl"": ""https://en.wikipedia.org/wiki/JD_Vance"", ""reliability"": ""high""}]",jd-vance
P003,Susie Wiles,苏西·怀尔斯,1957-05-14,female,白宫办公厅主任 (White House Chief of Staff),O051,,"Graduated from the University of Maryland, College Park in 1978. Also graduated from the Academy of the Holy Angels in Demarest, New Jersey in 1975.","1978: Began working for Representative Jack Kemp as a receptionist/aide. Early 1980s: Worked for Ronald Reagan's 1980 campaign, in the White House Office of Scheduling and Advance, and as personal secretary for Labor Secretary Raymond J. Donovan. 1992: District director for Tillie Fowler's congressional campaign. 1995-2000: Served in Jacksonville Mayor John Delaney's administration, becoming his chief of staff in 1997. 2010: Campaign manager for Rick Scott's gubernatorial election. 2011: Briefly campaign manager for Jon Huntsman Jr.'s presidential campaign. 2015-2016: Florida campaign chairwoman and later campaign manager for Florida for Donald Trump's 2016 presidential campaign. 2018: Hired to lead Ron DeSantis's gubernatorial campaign. 2021: Appointed to lead Donald Trump's fundraising apparatus. 2022: Named campaign manager for Trump's 2024 presidential campaign. January 2025: Began serving as White House Chief of Staff.","Susan L. Wiles (née Summerall; born May 14, 1957) is an American political consultant and lobbyist who has served as the 32nd White House Chief of Staff since January 2025, the first woman to hold the position. Born in Lake City, Florida, she is the daughter of former professional football player and sportscaster Pat Summerall. She graduated from the University of Maryland, College Park in 1978.

Her political career began in 1978 when she started working for New York Representative Jack Kemp as a receptionist and later an aide. She worked for Ronald Reagan's 1980 presidential campaign in his scheduling office and subsequently in the White House Office of Scheduling and Advance. By 1982, she had become a personal secretary for Secretary of Labor Raymond J. Donovan.

After moving to Florida, Wiles served as district director for Tillie Fowler's 1992 congressional campaign. She entered Jacksonville city government in 1995, working for Mayor John Delaney first as director of communications and intergovernmental affairs, then as deputy chief of staff, and finally becoming the city's first female chief of staff from 1997 to 2000. She later served in Mayor John Peyton's administration as chief of special initiatives and communications.

In 2010, Wiles was campaign manager for Rick Scott's successful Florida gubernatorial election. In 2011, she briefly served as national campaign manager for Jon Huntsman Jr.'s presidential campaign. In October 2015, she was hired as a Florida campaign chairwoman for Donald Trump's 2016 presidential campaign, later becoming his Florida campaign manager in September 2016. After Trump's victory, she moved to Washington, D.C., to lead Ballard Partners. In September 2018, she was hired to lead Ron DeSantis's campaign for the Florida gubernatorial election.

In 2021, Wiles was appointed to lead former President Donald Trump's fundraising apparatus, including Save America, assuming a dominant role in his political activities. After Trump announced his 2024 presidential campaign in November 2022, Wiles was named a campaign manager alongside Chris LaCivita. Following Trump's victory in the 2024 election, she was announced as his White House Chief of Staff.","[{""sourceName"": ""Wikipedia"", ""sourceUrl"": ""https://en.wikipedia.org/wiki/Susie_Wiles"", ""reliability"": ""high""}]",susie-wiles
P004,Marco Rubio,马尔科·卢比奥,1971-05-28,male,国务卿 (Secretary of State),O043,Republican Party,Attended law school at the University of Miami.,"City Commissioner for West Miami (1990s). Florida House of Representatives for the 111th district (2000-2008), serving as Speaker (2006-2008). U.S. Senator from Florida (2011-2025). U.S. Secretary of State (2025-present), also serving as Acting National Security Advisor and Acting Archivist of the United States from May 2025.","Marco Antonio Rubio (born May 28, 1971) is an American politician, attorney, and diplomat serving as the 72nd United States Secretary of State since January 21, 2025. A member of the Republican Party, he is the first Latino to hold the position. Rubio also concurrently serves as the Acting National Security Advisor and the Acting Archivist of the United States, a dual role last held by Henry Kissinger. He is considered the highest-ranking Hispanic American official in U.S. history.

Rubio began his political career after earning a Juris Doctor from the University of Miami School of Law. He was elected as a city commissioner for West Miami in 1998. In 2000, he was elected to the Florida House of Representatives, representing the 111th district. He rose through Republican ranks, becoming majority whip and later Speaker of the Florida House in November 2006, serving a two-year term until leaving the legislature in 2008 due to term limits.

In 2010, Rubio was elected to the U.S. Senate from Florida, taking office in 2011. During his Senate tenure, he was described as a ""virtual secretary of state for Latin America"" for his influence on U.S. policy toward the region and was known as one of Congress's most hawkish members regarding China and the Chinese Communist Party, resulting in Chinese government sanctions in 2020. He became Florida's senior senator in 2019 and was reelected to a third term in 2022.

Rubio launched a campaign for the Republican presidential nomination in 2015 but suspended it in March 2016 after losing the Florida primary to Donald Trump, whom he later endorsed. In November 2024, President-elect Trump announced his intention to nominate Rubio as Secretary of State. Following unanimous confirmation by the Senate, Rubio assumed the office on January 21, 2025. On May 1, 2025, he additionally assumed the role of Acting National Security Advisor. His tenure as Secretary of State has included foreign trips and summits such as the 2025 Saudi Arabia Summit, the 2025 Alaska Summit, and the 2025 Budapest Summit.","[{""sourceName"": ""Wikipedia"", ""sourceUrl"": ""https://en.wikipedia.org/wiki/Marco_Rubio"", ""reliability"": ""high""}]",marco-rubio
P005,Pete Hegseth,皮特·海格塞斯,1980-06-06,male,国防部长 (Secretary of Defense),,Republican Party,"Studied politics at Princeton University, graduating in 2003 with an Artium Baccalaureus degree. He attended Forest Lake Area High School, graduating as valedictorian in 1999.",2003: Commissioned as an infantry officer in the Minnesota Army National Guard. 2006-2009: Executive Director and later President of Vets for Freedom. 2014-2024: Contributor and later co-host of Fox & Friends Weekend on Fox News. 2016: Served as an advisor to President Donald Trump after supporting his campaign. 2025: Confirmed as the 29th United States Secretary of Defense.,"Peter Brian Hegseth (born June 6, 1980) is an American government official and former television personality who has served as the 29th United States Secretary of Defense since 2025. He was born in Minneapolis, Minnesota, and raised in Forest Lake, Minnesota, where he graduated as high school valedictorian in 1999. Hegseth studied politics at Princeton University, where he was the publisher and editor-in-chief of the conservative student newspaper, The Princeton Tory. He joined the Reserve Officers' Training Corps before graduating in 2003.

Hegseth was commissioned as a second lieutenant in the U.S. Army through Princeton's ROTC program. He served in the Minnesota Army National Guard, with assignments including an 11-month stint at the Guantanamo Bay detention camp, a deployment to Iraq as an infantry officer where he received a Bronze Star Medal, and a deployment to Afghanistan in 2010-2011 as a counterinsurgency instructor in Kabul. He was promoted to major in 2014 and served in the Individual Ready Reserve until January 2024.

Following his initial military service, Hegseth engaged in political activism. He served as executive director and later president of Vets for Freedom, an organization that supported the 2008 presidential campaign of John McCain. In 2012, he briefly entered the Republican primary for the U.S. Senate in Minnesota but withdrew after losing the party convention. He then served as president of Concerned Veterans for America, a group funded by the Koch brothers. Hegseth became a contributor to Fox News in 2014 and served as an advisor to President Donald Trump after supporting his 2016 campaign. From 2017 to 2024, he co-hosted Fox & Friends Weekend. He is the author of several books, including American Crusade (2020) and The War on Warriors (2024).

In November 2024, President-elect Trump nominated Hegseth for Secretary of Defense. His Senate confirmation hearing faced allegations of sexual misconduct, financial mismanagement, and excessive drinking. He was confirmed by the Senate that month, with Vice President JD Vance casting a tie-breaking vote, making it only the second time in U.S. history a Cabinet nominee's confirmation was decided by a vice president. Hegseth is the second-youngest Secretary of Defense in history. His tenure has drawn criticism related to a leaked government group chat and alleged war crimes concerning U.S. military strikes in the Caribbean Sea.","[{""sourceName"": ""Wikipedia"", ""sourceUrl"": ""https://en.wikipedia.org/wiki/Pete_Hegseth"", ""reliability"": ""high""}]",pete-hegseth
P006,Tulsi Gabbard,图尔西·加巴德,1981-04-12,female,国家情报总监 (Director of National Intelligence),,Republican Party,Dropped out of Leeward Community College in 2002. Graduated from Hawaii Pacific University in 2009 with a Bachelor of Science in business administration.,2002-2004: Hawaii House of Representatives. 2003: Enlisted in Hawaii Army National Guard. 2004-2005: Deployed to Iraq as a specialist. 2007: Commissioned as second lieutenant after officer training. 2008-2009: Stationed in Kuwait as Army Military Police platoon leader. 2013-2021: U.S. Representative for Hawaii's 2nd congressional district. 2013-2016: Vice-chair of the Democratic National Committee. 2015: Promoted to major in Hawaii Army National Guard. 2020: Transferred to U.S. Army Reserve. 2021: Promoted to lieutenant colonel. 2025-present: Eighth Director of National Intelligence.,"Tulsi Gabbard (born April 12, 1981) is an American politician and U.S. military officer serving as the eighth director of national intelligence (DNI) since 2025. She was born in Leloaloa, American Samoa, and moved to Hawaii as a child. Gabbard was mostly homeschooled and adopted the Hindu faith as a teenager. She briefly attended Leeward Community College before entering politics.

Gabbard's political career began in 2002 when, at age 21, she was elected to the Hawaii House of Representatives, becoming the youngest woman ever elected to a U.S. state legislature at the time. She served from 2002 to 2004 but did not seek reelection due to a military deployment. She later served on the Honolulu City Council from 2011 to 2012.

In 2012, Gabbard was elected as the U.S. Representative for Hawaii's 2nd congressional district, serving from 2013 to 2021. She was the first Samoan American and first Hindu American member of Congress. During her tenure, she served on the House Armed Services Committee and the House Foreign Affairs Committee, and in her fourth term, on the HASC Subcommittee on Intelligence. She supported military action against Islamic extremism but opposed U.S. intervention in the Syrian civil war. Gabbard was a member of the Democratic Party and served as vice-chair of the Democratic National Committee (DNC) from 2013 to 2016, resigning to endorse Bernie Sanders for the 2016 Democratic presidential nomination.

Gabbard launched a 2020 presidential campaign on an anti-interventionist and populist platform but dropped out and endorsed Joe Biden in March 2020. After leaving Congress in 2021, she took more conservative positions, spoke at the Conservative Political Action Conference (CPAC) in 2022, and left the Democratic Party. In 2024, she endorsed Donald Trump for president and joined the Republican Party.

Her military service began in 2003 when she enlisted in the Hawaii Army National Guard. She was deployed to Iraq from 2004 to 2005 as a specialist with a medical unit, receiving the Combat Medical Badge. She completed officer training in 2007, was deployed to Kuwait as a Military Police officer from 2008 to 2009, and was promoted to major in 2015. She transferred to the U.S. Army Reserve in 2020 and was promoted to lieutenant colonel in 2021.

In 2025, Gabbard was confirmed by the Senate as the Director of National Intelligence, becoming the highest-ranking Pacific Islander American government official in U.S. history.","[{""sourceName"": ""Wikipedia"", ""sourceUrl"": ""https://en.wikipedia.org/wiki/Tulsi_Gabbard"", ""reliability"": ""high""}]",tulsi-gabbard
P007,John Ratcliffe,约翰·拉特克利夫,1965-10-20,male,中央情报局局长 (Director of the CIA),O012,Republican Party,"Graduated from the University of Notre Dame in 1986 with a Bachelor of Arts in government and international studies, and from the Southern Methodist University School of Law in 1989 with a Juris Doctor.","Lawyer in private practice until 2004. Mayor of Heath, Texas (2004-2012). Acting U.S. Attorney for the Eastern District of Texas (May 2007-April 2008). U.S. Representative for Texas's 4th district (2015-2020). Director of National Intelligence (2020-2021). Director of the Central Intelligence Agency (since 2025).","John Lee Ratcliffe (born October 20, 1965) is an American politician and attorney who has served as the ninth director of the Central Intelligence Agency (CIA) since 2025. A member of the Republican Party, his career includes service as the sixth director of national intelligence (2020–2021) and as a U.S. Representative for Texas's 4th congressional district from 2015 to 2020.

Ratcliffe was born in Mount Prospect, Illinois. He earned a Bachelor of Arts in government and international studies from the University of Notre Dame in 1986 and a Juris Doctor from the Southern Methodist University School of Law in 1989. After law school, he worked in private legal practice until 2004.

His political career began locally in Texas. He served as mayor of Heath, Texas from 2004 to 2012. Concurrently, he held federal prosecutorial roles. In 2004, President George W. Bush appointed him chief of anti-terrorism and national security for the Eastern District of Texas within the U.S. Department of Justice. He served as the interim U.S. attorney for that district from May 2007 to April 2008. During his 2014 congressional campaign, his website claimed he ""personally managed dozens of international and domestic terrorism investigations"" and ""put terrorists in prison,"" though subsequent reports indicated no evidence he ever prosecuted a terrorism case. His official House biography also stated he ""arrested 300 illegal aliens in a single day"" while a prosecutor, though other accounts noted his role was supportive and the number arrested was significantly lower.

Ratcliffe was elected to the U.S. House of Representatives in 2014 after defeating 17-term incumbent Ralph Hall in a Republican primary runoff. He was regarded as one of the most conservative members during his tenure. His committee assignments included the Judiciary, Homeland Security, Ethics, and Intelligence committees, where he held subcommittee leadership roles focusing on cybersecurity and infrastructure protection.

In July 2019, President Donald Trump announced his intent to nominate Ratcliffe to replace Dan Coats as director of national intelligence. Ratcliffe withdrew after Republican senators raised concerns and former intelligence officials warned he might politicize intelligence, alongside media reports about embellishments in his prosecutorial record. Trump renominated him in February 2020; he was confirmed, resigned from the House, and was sworn in on May 26, 2020, serving until 2021. On November 12, 2024, president-elect Trump announced he would nominate Ratcliffe to be director of the CIA. The Senate confirmed him on January 23, 2025, by a vote of 74–25, and he assumed office later that day.","[{""sourceName"": ""Wikipedia"", ""sourceUrl"": ""https://en.wikipedia.org/wiki/John_Ratcliffe"", ""reliability"": ""high""}]",john-ratcliffe
P008,Michael Waltz,迈克尔·沃尔兹,1974-01-31,male,美国驻联合国大使 (U.S. Ambassador to the United Nations),,Republican Party,"Earned a Bachelor of Arts degree in international studies from the Virginia Military Institute in 1996, graduating with honors as a Distinguished Military Graduate.","1996-2000: Active duty U.S. Army officer, later Special Forces officer. 2000-2023: Served in the Army National Guard. Served in the Bush administration as a defense policy director in the Pentagon and as counterterrorism advisor to Vice President Dick Cheney. 2019-2025: U.S. Representative for Florida's 6th congressional district. January to May 2025: 29th National Security Advisor. September 2025-present: 32nd United States Ambassador to the United Nations.","Michael George Glen Waltz (born January 31, 1974) is an American politician, diplomat, businessman, author, and former Army Special Forces officer. He has served as the 32nd United States Ambassador to the United Nations since September 2025, appointed during the second Trump Administration. A member of the Republican Party, his prior roles include serving as the 29th National Security Advisor from January to May 2025 and as the U.S. Representative for Florida's 6th congressional district from 2019 to 2025. Waltz was the first Army Special Forces soldier elected to Congress.

Waltz's military career began in 1996 when he was commissioned as an armor officer in the U.S. Army. He graduated from Ranger School and the Special Forces Qualification Course in 2000, subsequently serving on active duty with multiple combat tours in the Middle East and Africa. He was decorated with four Bronze Stars for his actions, including two for valor. He later served in the Army National Guard, retiring at the rank of colonel in 2025. Between his military service, Waltz worked in the Pentagon as a defense policy director for Secretaries of Defense Donald Rumsfeld and Robert Gates and served in the White House as Vice President Dick Cheney's counterterrorism advisor.

Elected to the House of Representatives in 2018, Waltz succeeded Ron DeSantis and was re-elected in 2020, 2022, and 2024, each time with over 60% of the vote. In the 118th Congress, he chaired the House Armed Services Subcommittee on Readiness. He was considered one of Congress's most hawkish members regarding China, believing the Chinese Communist Party is in a cold war with the U.S. and the West. In 2021, he was the first member of Congress to call for a full U.S. boycott of the 2022 Beijing Winter Olympics over human rights concerns.

Following the 2024 election, President-elect Trump announced Waltz's appointment as National Security Advisor. He served for 101 days before resigning in May 2025 following reported group chat leaks. He was nominated as U.S. Ambassador to the United Nations the same day. After Senate confirmation in a 47–43 vote, he was sworn in on September 20, 2025, and presented his credentials to the UN the following day.","[{""sourceName"": ""Wikipedia"", ""sourceUrl"": ""https://en.wikipedia.org/wiki/Mike_Waltz"", ""reliability"": ""high""}]",michael-waltz
P009,Scott Bessent,斯科特·贝森特,1962-08-21,male,财政部长 (Secretary of the Treasury),O045,Democratic Party,Graduated from Yale University in 1984 with a B.A. in political science.,"After graduating from Yale in 1984, Bessent held financial positions at Brown Brothers Harriman, Olayan Group, and Kynikos Associates. He joined Soros Fund Management (SFM) in 1991, becoming head of its London office and a key figure in its Black Wednesday trade in 1992. He left SFM in 2000 to found Bessent Capital, then returned as chief investment officer from 2011 to 2015. In 2015, he left SFM to found the hedge fund Key Square Group. He served as an economic advisor to Donald Trump's 2024 campaign before being nominated and confirmed as the 79th U.S. Secretary of the Treasury, taking office on January 28, 2025.","Scott Kenneth Homer Bessent (born August 21, 1962) is an American businessman and government official serving as the 79th United States Secretary of the Treasury since January 28, 2025. Born in Conway, South Carolina, Bessent graduated from Yale University in 1984 with a Bachelor of Arts in political science. His early financial career included positions at Brown Brothers Harriman, the Olayan Group in Saudi Arabia, and the hedge fund Kynikos Associates under Jim Chanos.

Bessent's prominent investing career began in 1991 when he joined Soros Fund Management (SFM). He became head of its London office and was a leading member of the team that profited by approximately $1 billion during the 1992 Black Wednesday British pound sterling crisis. After a period away from SFM, during which he founded and closed his own hedge fund, Bessent Capital, he returned to SFM as chief investment officer from 2011 to 2015. In 2013, he made another major gain for the firm, earning over $1.2 billion by betting against the Japanese yen. In 2015, he left SFM to found the global macro investment firm Key Square Group, which received a $2 billion anchor investment from George Soros.

Bessent's involvement in politics evolved over time. He initially supported Democratic candidates, hosting a fundraiser for Al Gore in 2000 and donating to Barack Obama and Hillary Clinton. His political alignment shifted later, and he became a major donor and economic advisor to Donald Trump's 2024 presidential campaign, hosting fundraisers that raised millions of dollars.

On November 22, 2024, President-elect Trump announced his nomination of Bessent for Treasury Secretary. Following a Senate confirmation hearing on January 16, 2025, where he advocated for tax cut extensions and tougher economic policies on China and Russia, he was confirmed by the Senate on January 27, 2025, by a 68–29 vote. He was sworn in the next day by Supreme Court Justice Brett Kavanaugh, becoming the first openly gay person to lead the U.S. Treasury Department and the second openly gay Senate-confirmed Cabinet secretary.

Early in his tenure, on February 3, 2025, he was named acting director of the Consumer Financial Protection Bureau and immediately ordered the agency to halt all work. In February 2025, he was tasked with helping implement a U.S. sovereign wealth fund. He has also been involved in personnel decisions within the Treasury, successfully lobbying for his preferred pick for Commissioner of Internal Revenue.","[{""sourceName"": ""Wikipedia"", ""sourceUrl"": ""https://en.wikipedia.org/wiki/Scott_Bessent"", ""reliability"": ""high""}]",scott-bessent
P010,Pam Bondi,帕姆·邦迪,1965-11-17,female,司法部长 (Attorney General),,Republican Party,Received a BA in criminal justice from the University of Florida in 1987 and a JD from Stetson University College of Law in 1990.,"Assistant State Attorney in Hillsborough County, Florida (1994–2009). Elected as the 37th Attorney General of Florida (2011–2019). Served as a defense lawyer for President Donald Trump during his first impeachment trial (2020). Led the legal arm of the America First Policy Institute (by 2024). Confirmed as the 87th United States Attorney General (2025–present).","Pamela Jo Bondi (born November 17, 1965) is an American attorney and politician who has served as the 87th United States Attorney General since 2025. A member of the Republican Party, she previously served as the 37th Attorney General of Florida from 2011 to 2019. Born and raised in the Tampa Bay area, Bondi graduated with a BA in criminal justice from the University of Florida in 1987 and earned a JD from Stetson University College of Law in 1990. She was admitted to the Florida Bar in 1991. Her early career was spent as an assistant state attorney and spokeswoman in Hillsborough County, Florida, from 1994 to 2009, where she prosecuted cases including those against former Major League Baseball player Dwight Gooden and defendants in the Martin Anderson death case.

In 2010, Bondi was elected Attorney General of Florida, becoming the first woman to hold the position. She was re-elected in 2014, becoming the first Republican to win a second term. During her tenure, she was the lead attorney general in an unsuccessful multi-state lawsuit seeking to overturn the Patient Protection and Affordable Care Act. She also defended a state constitutional amendment banning same-sex marriage against legal challenges, stating her actions were out of respect for the constitution rather than a reflection of personal opinion. Her tenure included involvement in a 2018 lawsuit with other Republican-led states to overturn the ACA's bans on higher premiums for people with pre-existing conditions.

After being term-limited in 2018, Bondi entered private life, working as a registered foreign agent and lobbyist for Ballard Partners, representing clients including Qatar, the Kuwaiti company KGL KSCC, the GEO Group, Amazon, Uber, and General Motors. In 2020, she was hired by the Trump administration and served as one of President Donald Trump's defense lawyers during his first impeachment trial, where she made allegations concerning Joe Biden and his son Hunter Biden related to Ukraine. By 2024, she led the legal arm of the Trump-aligned America First Policy Institute. On November 21, 2024, President-elect Trump announced his intention to nominate Bondi for U.S. Attorney General. She was confirmed by the U.S. Senate in a 54–46 vote on February 4, 2025, and sworn in the next day.","[{""sourceName"": ""Wikipedia"", ""sourceUrl"": ""https://en.wikipedia.org/wiki/Pam_Bondi"", ""reliability"": ""high""}]",pam-bondi
P011,Russell Vought,拉塞尔·沃特,1976-03-26,male,管理与预算办公室主任 (Director of OMB),O031,Republican Party,Earned a BA from Wheaton College in 1998 and a JD from the George Washington University Law School in 2004.,"Legislative assistant for U.S. Senator Phil Gramm. Policy director for the Republican Conference of the U.S. House of Representatives and executive director/budget director of the Republican Study Committee. Vice president of Heritage Action. Deputy Director of the Office of Management and Budget (2018-2020). Director of the Office of Management and Budget (2020-2021). Founded the Center for Renewing America in 2021. Reappointed as Director of the Office of Management and Budget in February 2025, concurrently serving as acting director of the CFPB and acting director of USAID.","Russell Thurlow Vought (born March 26, 1976) is an American government official and conservative political analyst. He has served as the 44th director of the Office of Management and Budget (OMB) since February 2025, a role he previously held from 2020 to 2021 in the first Trump administration. Concurrently, he is the acting director of the Consumer Financial Protection Bureau (CFPB) and the acting director of the United States Agency for International Development (USAID). He served as deputy director of the OMB from 2018 to 2020.

Vought earned a BA from Wheaton College in 1998 and a JD from George Washington University Law School in 2004. His early career included roles as vice president of Heritage Action, the lobbying arm of the Heritage Foundation; executive director and budget director of the Republican Study Committee; policy director for the Republican Conference of the U.S. House of Representatives; and a legislative assistant for U.S. Senator Phil Gramm. He became a Claremont Institute fellow in 2011.

Between the Trump administrations, in January 2021, Vought founded the Center for Renewing America (CRA), a conservative think tank focused on combating critical race theory and promoting an ""America First"" policy agenda. At CRA, he organized more than 350 executive orders and regulations in preparation for a potential Republican presidency. He played a major role in the creation of Project 2025, a Heritage Foundation initiative to reshape the federal government, and co-authored its policy playbook. In May 2024, he was named policy director of the Republican National Committee's platform committee.

In the second Trump administration, following his Senate confirmation in February 2025, Vought was sworn in as OMB director. In this role, he has guided efforts to dismantle the federal bureaucracy as part of the Department of Government Efficiency. He oversaw the dismantling of the CFPB in February 2025 and took charge of closing out USAID after it was folded into the U.S. Department of State in August 2025. His politics have been described as Christian nationalist, an ideology he has summed up as his core political belief.","[{""sourceName"": ""Wikipedia"", ""sourceUrl"": ""https://en.wikipedia.org/wiki/Russell_Vought"", ""reliability"": ""high""}]",russell-vought
P012,Howard Lutnick,霍华德·卢特尼克,1961-07-14,male,商务部长 (Secretary of Commerce),,Republican Party,Graduated from Haverford College in 1983 with a degree in economics.,1983: Hired at Cantor Fitzgerald. 1990: Became President and CEO of Cantor Fitzgerald. 1996: Appointed Chairman of Cantor Fitzgerald after B. Gerald Cantor's death. August 2024: Named co-chair of Donald Trump's presidential transition team. February 2025: Confirmed as the 41st United States Secretary of Commerce.,"Howard William Lutnick (born July 14, 1961) is an American businessman and government official who has served as the 41st United States Secretary of Commerce since February 2025. Born on Long Island, New York, to a professor father and artist mother, Lutnick is of Jewish descent. He graduated with an economics degree from Haverford College in 1983, where he was captain of the tennis team.

Lutnick's business career is defined by his leadership of Cantor Fitzgerald. Hired in 1983 under founder B. Gerald Cantor, he rose to become president and chief executive by 1990. Following a contentious legal battle over succession after Cantor's declining health, Lutnick gained management control and was appointed chairman after Cantor's death in 1996. He significantly invested in technology, establishing the electronic trading platform eSpeed. The firm suffered devastating losses in the September 11, 2001 attacks, losing 658 employees, including Lutnick's brother, Gary. His handling of the aftermath, including the immediate cessation of salaries to deceased employees' families, drew both praise for rebuilding efforts and criticism from victims' families.

Politically, Lutnick was a Democrat until 2016, after which he became a Republican. He was a fundraiser for Donald Trump's 2020 and 2024 presidential campaigns and a vocal proponent of Trump's tariff proposals. In August 2024, he was named co-chair of Trump's presidential transition team. President-elect Trump nominated Lutnick for Secretary of Commerce in November 2024. Following a Senate Committee hearing in January 2025, he was confirmed by the Senate in February 2025. As Commerce Secretary, he has advocated for tariffs and made controversial statements regarding Social Security payments. Time magazine listed Lutnick as one of the world's 100 most influential people in 2025.

Lutnick is married to Allison Lambert (m. 1994).","[{""sourceName"": ""Wikipedia"", ""sourceUrl"": ""https://en.wikipedia.org/wiki/Howard_Lutnick"", ""reliability"": ""high""}]",howard-lutnick
P013,Doug Burgum,道格·伯格姆,1956-08-01,male,内政部长 (Secretary of the Interior),O044,Republican Party,Graduated from North Dakota State University in 1978 with a bachelor's degree in university studies. Earned an MBA from Stanford University's Graduate School of Business in 1980.,"1983-2001: Co-founded and led Great Plains Software, serving as President from 1984 and taking the company public in 1997. 2001-2006: Senior Vice President of Microsoft Business Solutions Group after Microsoft acquired Great Plains Software. 2008 onward: Co-founded Arthur Ventures venture capital firm and founded Kilbourne Group real-estate development firm. 2016-2024: Served as the 33rd Governor of North Dakota. 2025-present: Serves as the 55th United States Secretary of the Interior.","Douglas James Burgum (born August 1, 1956) is an American businessman and politician serving as the 55th United States Secretary of the Interior since 2025 under President Donald Trump. A member of the Republican Party, he previously served as the 33rd governor of North Dakota from 2016 to 2024. Burgum was born and raised in Arthur, North Dakota. He graduated from North Dakota State University in 1978 and earned an MBA from Stanford University in 1980. After working as a management consultant at McKinsey & Company, he mortgaged inherited farmland in 1983 to invest in Great Plains Software in Fargo, becoming its president in 1984. He took the company public in 1997 and sold it to Microsoft for $1.1 billion in 2001. He then served as senior vice president of Microsoft Business Solutions Group. Burgum is the founder of the Kilbourne Group, a real-estate development firm in Fargo, and co-founded Arthur Ventures, a software venture capital group. He has also served as board chairman for Atlassian and SuccessFactors. Burgum entered politics by winning the 2016 North Dakota gubernatorial election in a landslide and was reelected by a wide margin in 2020. As governor, he set a goal for North Dakota to become carbon-neutral by 2030, primarily through carbon capture and storage technology. He signed legislation providing tax relief and exempting National Guard members from state income tax. In June 2023, Burgum launched a campaign for the 2024 Republican presidential nomination, ending his candidacy in December 2023 and becoming an advisor on the Trump campaign's energy policy. Following the 2024 election, President-elect Trump announced his intention to nominate Burgum as Secretary of the Interior. He was confirmed by the U.S. Senate on January 30, 2025, and sworn in on February 1, 2025. As Secretary of the Interior, he has overseen policies promoting coal-fired power, expanded drilling on federal lands, and expanded metals extraction from federal lands and wildlife refuges, while implementing a crackdown on wind power.","[{""sourceName"": ""Wikipedia"", ""sourceUrl"": ""https://en.wikipedia.org/wiki/Doug_Burgum"", ""reliability"": ""high""}]",doug-burgum
P014,Chris Wright,克里斯·赖特,1965-01-15,male,能源部长 (Secretary of Energy),O040,,"Earned a bachelor's degree in mechanical engineering and a master's degree in electrical engineering at the Massachusetts Institute of Technology (MIT). Was a graduate student in electrical engineering at the University of California, Berkeley, and at MIT.","1992: Founded Pinnacle Technologies and served as its CEO until 2006. Also served as chairman of Stroud Energy before selling it in 2006. 2011: Founded Liberty Energy (Liberty Oilfield Services) and served as its CEO. January 2020 - April 2024: Served on the board of directors for the Denver Branch of the Federal Reserve Bank of Kansas City. February 3, 2025: Sworn in as the 17th United States Secretary of Energy.","Christopher Allen 'Chris' Wright (born January 15, 1965) is an American businessman and government official serving as the 17th United States Secretary of Energy since February 2025. Born in Colorado, Wright earned a bachelor's degree in mechanical engineering and a master's degree in electrical engineering from the Massachusetts Institute of Technology (MIT) and was also a graduate student in electrical engineering at the University of California, Berkeley.

Prior to his government service, Wright had a lengthy career in the energy sector. In 1992, he founded Pinnacle Technologies, a company involved in commercial shale gas production through fracking, serving as its CEO until 2006. He was also chairman of Stroud Energy. In 2011, he founded Liberty Energy (originally Liberty Oilfield Services), North America's second-largest hydraulic fracturing company, and served as its CEO. As CEO of Liberty Energy, he earned $5.6 million in 2023. Wright also served on the boards of directors for Oklo Inc., a nuclear technology company designing small fast-neutron reactors, and EMX Royalty Corp., a Canadian mineral rights company. From January 2020 to April 2024, he served on the board of the Denver Branch of the Federal Reserve Bank of Kansas City. He was publicly known for his skepticism of mainstream climate science, stating in 2023 that 'there is no climate crisis' and criticizing the term 'carbon pollution.'

Wright's nomination as Secretary of Energy was announced by President-elect Donald Trump on November 16, 2024. He had donated to Trump's joint fundraising committee and received endorsements from oil-industry figures, while facing criticism from scientists and environmental groups for his opposition to climate science. The United States Senate confirmed his nomination by a 59–38 vote on February 3, 2025, and he was sworn in the same day.

As Secretary of Energy, Wright has overseen actions by the Trump administration to undermine the United States' response to climate change, which have been widely criticized. He supported the rollback of climate change measures and oversaw a Department of Energy report questioning mainstream climate science. He has made controversial statements, including that 'too little' atmospheric carbon dioxide is a 'bigger risk' than rising levels, and falsely claimed climate change is not impacting extreme weather events. In September 2025, he made a widely criticized statement on social media about solar power's capacity. He has been critical of net-zero emissions targets, calling 'Net zero 2050' a 'colossal train wreck.' He has also criticized the European Green Deal and advocated for U.S. oil and gas exports to the EU, while urging EU states to stop buying Russian gas to strangle Russia's ability to fund its war in Ukraine. In October 2025, he directed the Federal Energy Regulatory Commission on interconnection requests and appealed to the White House to accelerate reviews for connecting AI to power grids.","[{""sourceName"": ""Wikipedia"", ""sourceUrl"": ""https://en.wikipedia.org/wiki/Chris_Wright"", ""reliability"": ""high""}]",chris-wright
P015,Brooke Rollins,布鲁克·罗林斯,1972-04-10,female,农业部长 (Secretary of Agriculture),O039,,"Graduated from Texas A&M University with a B.S. in agricultural development in 1994. Later obtained a Juris Doctor from the University of Texas School of Law, graduating with honors.",2003-2018: President and CEO of the Texas Public Policy Foundation. 2018-2020: Director of the Office of American Innovation and Assistant to the President for Strategic Initiatives. 2020: Acting Director of the United States Domestic Policy Council. 2021-March 2025: President and CEO of the America First Policy Institute. Since February 2025: 33rd U.S. Secretary of Agriculture.,"Brooke Leslie Rollins (born April 10, 1972) is an American attorney and politician serving as the 33rd United States Secretary of Agriculture since February 2025. Born in Glen Rose, Texas, she grew up on a farm and was active in Future Farmers of America and 4-H. She earned a B.S. in agricultural development from Texas A&M University in 1994, where she was the first woman elected student body president. She later obtained a Juris Doctor from the University of Texas School of Law.

Rollins began her career as a commercial litigator and a clerk for U.S. District Judge Barbara M. Lynn. She entered public service as deputy general counsel, ethics advisor, and policy director for Texas Governor Rick Perry. From 2003 to 2018, she led the Texas Public Policy Foundation (TPPF), a conservative think tank, as its president and CEO, growing its staff significantly. During her tenure, TPPF advocated for ending agricultural subsidies and opposing ethanol fuel requirements.

In 2018, Rollins joined the Trump administration as Director of the Office of American Innovation and later became Assistant to the President for Strategic Initiatives. She was influential in encouraging the passage of the First Step Act in 2018. In May 2020, she was named acting director of the United States Domestic Policy Council, where she focused on bipartisan responses following the murder of George Floyd.

After the first Trump administration, Rollins co-founded the America First Policy Institute in 2021 with Larry Kudlow, serving as its president and CEO until March 2025. The institute aimed to promote Trump's policy agenda and plan for a potential second administration.

On November 23, 2024, President-elect Donald Trump nominated Rollins for U.S. Secretary of Agriculture. The Senate confirmed her on February 13, 2025, by a 72–28 vote, making her the second woman to hold the position. She was sworn in by Supreme Court Justice Clarence Thomas.

As Secretary, Rollins has opposed California's Proposition 12 farm animal welfare law, supporting federal efforts to preempt it. In June 2025, she announced an end to the Clinton-era ""roadless rule"" restricting road construction on millions of acres of national forest land. In January 2026, she announced the suspension of USDA financial awards to Minnesota and Minneapolis due to alleged fraud in federal benefit programs. Rollins is married to Mark Rollins and has four children.","[{""sourceName"": ""Wikipedia"", ""sourceUrl"": ""https://en.wikipedia.org/wiki/Brooke_Rollins"", ""reliability"": ""high""}]",brooke-rollins
P016,Robert F. Kennedy Jr.,小罗伯特·F·肯尼迪,1954-01-17,male,卫生与公众服务部部长 (Secretary of HHS),O041,,,"Began career as an assistant district attorney in Manhattan. In the mid-1980s, joined environmental nonprofits Riverkeeper and the Natural Resources Defense Council. In 1986, became an adjunct professor of environmental law at Pace University School of Law, founding its Environmental Litigation Clinic in 1987. Founded the Waterkeeper Alliance in 1999. Served as the 26th U.S. Secretary of Health and Human Services starting in 2025.",,"[{""sourceName"": ""Wikipedia"", ""sourceUrl"": ""https://en.wikipedia.org/wiki/Robert_F._Kennedy_Jr."", ""reliability"": ""high""}]",robert-f-kennedy-jr
P017,Tom Homan,汤姆·霍曼,1961-11-28,male,“边境沙皇” / 高级顾问 (Border Czar / Senior Advisor),,Republican Party,Received an associate degree in criminal justice from Jefferson Community College and a bachelor's degree in criminal justice from SUNY Polytechnic Institute.,"1983: Police officer in West Carthage. 1984: Joined U.S. Immigration and Naturalization Service, serving as a Border Patrol agent, investigator, and supervisor for 30 years. 2013: Appointed by President Obama as ICE's executive associate director of enforcement and removal operations. January 2017 - June 2018: Served as acting director of U.S. Immigration and Customs Enforcement (ICE). November 2024: Designated as 'border czar' for the second Trump administration.","Thomas Douglas Homan (born November 28, 1961) is an American law enforcement officer. In November 2024, Donald Trump designated Homan as ""border czar"" for Trump's second presidency. Homan also served during the Obama administration and the first Trump administration. He served as acting director of U.S. Immigration and Customs Enforcement (ICE) from January 2017 to June 2018.

Homan began his federal law enforcement career in 1984 with the U.S. Immigration and Naturalization Service, serving as a Border Patrol agent, investigator, and supervisor for 30 years. In 2013, President Barack Obama appointed him as ICE's executive associate director of enforcement and removal operations. Under Obama, Homan began to argue that separating children from caregivers would be an effective deterrent to illegal border crossings, a policy he later helped implement under Trump. In 2015, Obama awarded him a Presidential Rank Award as a Distinguished Executive.

In January 2017, President Trump appointed Homan as acting ICE director. During his tenure, he announced increased arrest numbers of undocumented immigrants and advocated strongly against sanctuary city policies. In April 2018, he and Kevin McAleenan formally advised the implementation of the Trump administration's zero-tolerance policy, including family separation. He defended the policy publicly and participated in the press conference announcing its implementation. He retired as acting ICE director in June 2018.

After 2018, Homan became a commentator for Fox News. In 2022, he joined the Heritage Foundation and became a contributor to its Project 2025. He launched a border-focused project called ""Defend the Border and Save Lives"" and published a book of the same name in 2020. At the 2024 Republican National Convention, he criticized Biden's immigration policies and promised a large deportation force if Trump returned to office.

As the designated ""border czar"" in Trump's second administration starting in 2025, Homan was placed in charge of deportation operations. He has been involved in public disputes over immigration enforcement, including with Representative Alexandria Ocasio-Cortez, and has overseen deportation flights, stating his intent to continue deportations regardless of court orders. The administration reported around 140,000 deportations by April 2025. Homan has advocated for the deportation of illegal immigrants throughout his career and opposes sanctuary city policies.","[{""sourceName"": ""Wikipedia"", ""sourceUrl"": ""https://en.wikipedia.org/wiki/Tom_Homan"", ""reliability"": ""high""}]",tom-homan
P018,Kristi Noem,克里斯蒂·诺姆,1971-11-30,female,国土安全部部长 (Secretary of Homeland Security),O042,Republican Party,Attended Northern State University (1990-1994) but did not graduate. Later obtained a Bachelor of Arts in political science from South Dakota State University in 2012.,Served in the South Dakota House of Representatives from 2007 to 2011. Served as the U.S. Representative for South Dakota's at-large congressional district from 2011 to 2019. Served as the 33rd Governor of South Dakota from 2019 to 2025. Has served as the 8th United States Secretary of Homeland Security since 2025.,"Kristi Lynn Arnold Noem (born November 30, 1971) is an American politician serving as the 8th United States Secretary of Homeland Security since 2025. A member of the Republican Party, she previously served as the 33rd governor of South Dakota from 2019 to 2025 and represented South Dakota's at-large congressional district in the U.S. House of Representatives from 2011 to 2019.

Born in Watertown, South Dakota, Noem was raised on the family ranch and farm in Hazel. After her father's death in 1994, she left college to manage the family farm and businesses. She later obtained a Bachelor of Arts in political science from South Dakota State University in 2012 while serving in Congress.

Noem began her political career in the South Dakota House of Representatives, serving from 2007 to 2011, where she was an assistant majority leader and sponsored bills on property tax reform and gun rights. In 2010, she was elected to the U.S. House of Representatives, defeating incumbent Democrat Stephanie Herseth Sandlin. She was reelected three times, serving until 2019. During her tenure, she was elected liaison to the House Republican leadership by the 2011 freshman class and served on the conference committee for the Tax Cuts and Jobs Act of 2017. Her committee assignments included the Committee on Ways and Means.

In 2018, with the endorsement of President Donald Trump, Noem was elected as the first female governor of South Dakota. She was reelected in 2022. As governor, she gained national attention during the COVID-19 pandemic for opposing statewide mask mandates. She has held conservative positions on issues such as gun rights, abortion, and immigration.

In November 2024, President-elect Donald Trump selected Noem to serve as Secretary of Homeland Security in his second term. She was confirmed by the Senate in January 2025 by a vote of 59–34. Noem is also a farmer, rancher, and member of the Civil Air Patrol, holding the rank of lieutenant colonel. She has published two autobiographies: *Not My First Rodeo: Lessons from the Heartland* (2022) and *No Going Back* (2024).","[{""sourceName"": ""Wikipedia"", ""sourceUrl"": ""https://en.wikipedia.org/wiki/Kristi_Noem"", ""reliability"": ""high""}]",kristi-noem
P019,Elon Musk,埃隆·马斯克,1971-06-28,male,"政府效率部专员/顾问 (Commissioner, DOGE)",,,Received bachelor's degrees in 1997 from the University of Pennsylvania.,"1995: Co-founded the software company Zip2. 1999: Co-founded the online payment company X.com, which later became PayPal. 2002: Founded SpaceX, becoming its CEO and chief engineer. 2004: Joined Tesla as an early investor, later becoming CEO and product architect in 2008. 2015: Co-founded OpenAI. 2016: Co-founded Neuralink. 2017: Founded the Boring Company. 2022: Acquired Twitter (rebranded to X in 2023). 2025: Served as Senior Advisor to the President and de facto head of the Department of Government Efficiency (DOGE) before leaving the administration.","Elon Reeve Musk (born June 28, 1971) is a businessman and entrepreneur. He was born into a wealthy family in Pretoria, South Africa, and holds South African and Canadian citizenship from birth. He emigrated to Canada in 1989. Musk received bachelor's degrees from the University of Pennsylvania in the United States in 1997. He became an American citizen in 2002. Musk is known for his leadership of several major companies. His business career began in 1995 when he co-founded the software company Zip2. After its sale in 1999, he co-founded the online payment company X.com, which later merged to form PayPal and was acquired by eBay in 2002. In 2002, he founded the space technology company SpaceX, where he serves as CEO and chief engineer. Musk joined the automaker Tesla as an early investor in 2004 and became its CEO and product architect in 2008. In 2015, he co-founded OpenAI but later left, subsequently establishing the artificial intelligence company xAI. In 2022, he acquired the social network Twitter, rebranding it as X in 2023. His other ventures include co-founding the neurotechnology company Neuralink in 2016 and founding the tunneling company the Boring Company in 2017. As of December 2025, Forbes estimates his net worth to be around US$717 billion, and he has been the wealthiest person in the world since 2021. In November 2025, a Tesla pay package worth $1 trillion for Musk was approved, to be received over 10 years if specific goals are met. Musk's political involvement became prominent when he served as the largest donor in the 2024 U.S. presidential election, supporting Donald Trump. Following Trump's inauguration in early 2025, Musk served as Senior Advisor to the President and as the de facto head of the Department of Government Efficiency (DOGE). However, after a public feud with Trump, Musk left the Trump administration and returned to managing his companies. Musk is a supporter of global far-right figures, causes, and political parties. His political activities, views, and statements have made him a polarizing figure. He has been criticized for promoting COVID-19 misinformation, conspiracy theories, and affirming antisemitic, racist, and transphobic comments. His acquisition of Twitter was controversial due to a subsequent increase in hate speech and misinformation following his pledge to decrease censorship. His role in the second Trump administration, particularly in the DOGE, attracted public backlash.","[{""sourceName"": ""Wikipedia"", ""sourceUrl"": ""https://en.wikipedia.org/wiki/Elon_Musk"", ""reliability"": ""high""}]",elon-musk
P020,Vivek Ramaswamy,维韦克·拉马斯瓦米,1985-08-09,male,"政府效率部专员/顾问 (Commissioner, DOGE)",,Republican Party,Graduated from Harvard University with a Bachelor of Arts in biology in 2007. Earned a Juris Doctor degree from Yale University in 2013.,2007-2014: Investment partner at hedge fund QVT Financial. 2014-2021: Founder and CEO of Roivant Sciences. 2022: Co-founded Strive Asset Management. 2024: Candidate in Republican presidential primaries. 2025: Launched campaign for Ohio gubernatorial election.,"Vivek Ganapathy Ramaswamy (born August 9, 1985) is an American entrepreneur and politician. He was born in Cincinnati, Ohio, to Hindu Indian immigrant parents from Kerala. Ramaswamy graduated as valedictorian from St. Xavier High School in 2003. He earned a Bachelor of Arts degree in biology from Harvard University in 2007, where he was president of the Harvard Political Union and performed libertarian-themed rap music under the stage name ""Da Vek."" He received a Juris Doctor degree from Yale Law School in 2013, having attended on a Paul & Daisy Soros Fellowships for New Americans postgraduate fellowship. At Yale, he befriended future vice president JD Vance.

Ramaswamy's business career began in 2007 when he co-founded Campus Venture Network, later sold in 2009. He worked as an investment partner at the hedge fund QVT Financial from 2007 to 2014. In 2014, he founded the biotechnology firm Roivant Sciences, serving as its chief executive officer until 2021, when he became executive chairman. Roivant's strategy involved purchasing patents for undeveloped drugs from larger pharmaceutical companies. In 2015, he raised $360 million for its subsidiary Axovant Sciences to market an Alzheimer's drug, intepirdine, which ultimately failed in clinical trials in 2017. In 2022, he co-founded the investment firm Strive Asset Management. In January 2026, Forbes estimated his net worth at $2 billion.

Ramaswamy entered national politics as a candidate in the 2024 Republican presidential primaries, becoming the youngest candidate in the field. He withdrew his bid and endorsed Donald Trump for the 2024 presidential election. In 2025, he launched his campaign for the 2026 Ohio gubernatorial election, receiving endorsements from both former President Trump and the Ohio Republican Party. He describes himself as a conservative and an American nationalist. Politically, he was largely apolitical until 2020, when he supported Donald Trump's re-election. In 2021, he wrote the book *Woke Inc.* and began appearing on cable networks arguing against left-wing ""woke"" policies. He has been an active donor to the Republican Party and has criticized environmental, social, and corporate governance (ESG) and affirmative action. He has also promoted numerous conspiracy theories and false statements. He briefly considered running in the 2022 U.S. Senate election in Ohio. Ramaswamy is married to Apoorva Tewari (m. 2015).","[{""sourceName"": ""Wikipedia"", ""sourceUrl"": ""https://en.wikipedia.org/wiki/Vivek_Ramaswamy"", ""reliability"": ""high""}]",vivek-ramaswamy
P021,John Thune,约翰·图恩,1961-01-07,male,参议院多数党领袖 (Senate Majority Leader),O047,Republican Party,Graduated from Biola University in 1983 with a Bachelor of Arts in business. Received a Master of Business Administration from the University of South Dakota in 1984.,"1997-2003: U.S. Representative for South Dakota's at-large congressional district. 2005-present: United States Senator from South Dakota. Served as Republican chief deputy whip (2007-2009), chair of the Senate Republican Policy Committee (2009-2012), Senate Republican Conference chair (2012-2019), majority whip (2019-2021), and minority whip (2021-2025). Since January 2025: Senate Majority Leader and Senate Republican Leader.","John Randolph Thune (born January 7, 1961) is an American politician serving as the senior United States senator from South Dakota, a seat he has held since 2005. A Republican, he has been the Senate majority leader and Senate Republican leader since January 2025. Thune was born in Pierre, South Dakota. He graduated from Biola University in 1983 with a Bachelor of Arts in business and received a Master of Business Administration from the University of South Dakota in 1984. His early political career included work as a legislative aide for U.S. Senator James Abdnor (1985–1987), executive director of the South Dakota Republican Party, South Dakota Railroad Director (1991–1993), and executive director of the South Dakota Municipal League (1993–1996). Thune was first elected to the U.S. House of Representatives for South Dakota's at-large district in 1996, defeating Democrat Rick Weiland. He was reelected in 1998 and 2000 by wide margins. In 2002, he made an unsuccessful bid for the U.S. Senate, narrowly losing to incumbent Tim Johnson. He ran again in 2004 and defeated Senate Democratic leader Tom Daschle, making Daschle the first incumbent Senate leader to lose an election since 1952. Throughout his Senate tenure, Thune has held several leadership positions: Republican chief deputy whip (2007–2009), chair of the Senate Republican Policy Committee (2009–2012), Senate Republican Conference chair (2012–2019), majority whip (2019–2021), and minority whip (2021–2025). In November 2024, he was elected Senate Republican leader, succeeding Mitch McConnell, and became majority leader when Republicans took control of the Senate in January 2025. He is the first Senate party leader to have first taken office as a senator in the 21st century. Thune serves on several Senate committees: Agriculture, Nutrition, and Forestry; Commerce, Science, and Transportation; Finance; and the Select Committee on Intelligence. He is married to Kimberley Weems, whom he wed in 1984.","[{""sourceName"": ""Wikipedia"", ""sourceUrl"": ""https://en.wikipedia.org/wiki/John_Thune"", ""reliability"": ""high""}]",john-thune
P022,Mike Crapo,迈克·克拉波,1951-05-20,male,"参议院财政委员会主席 (Chairman, Senate Finance Committee)",O047,Republican Party,"Earned a Bachelor of Arts, summa cum laude, in political science from Brigham Young University in 1973 and a Juris Doctor, cum laude, from Harvard Law School in 1977.","Practiced law in Idaho Falls throughout the 1980s. Elected to the Idaho Senate in 1984, serving as Senate President Pro Tempore from 1988 to 1992. Served as U.S. Representative for Idaho's 2nd congressional district from 1993 to 1999. Elected as U.S. Senator from Idaho in 1998, a seat he has held since, serving as Chairman of the Senate Finance Committee.","Michael Dean Crapo (born May 20, 1951) is an American lawyer and politician serving as the senior United States senator from Idaho, a position he has held since 1999. A member of the Republican Party, Crapo is the current Chairman of the Senate Finance Committee. Born in Idaho Falls, Idaho, he earned a Bachelor of Arts, summa cum laude, in political science from Brigham Young University in 1973 and a Juris Doctor, cum laude, from Harvard Law School in 1977. After law school, he clerked for Judge James M. Carter of the U.S. Court of Appeals for the Ninth Circuit before returning to Idaho to practice law.

Crapo's political career began in the Idaho State Senate, to which he was elected in 1984. He served as Senate President Pro Tempore from 1988 to 1992. In 1992, he was elected to the U.S. House of Representatives, representing Idaho's 2nd congressional district for three terms from 1993 to 1999. He was elected to the U.S. Senate in 1998, succeeding Dirk Kempthorne, and has been reelected in 2004, 2010, 2016, and 2022. He is the dean of Idaho's congressional delegation.

In the Senate, Crapo has held significant committee assignments. Beyond chairing the Finance Committee, he has served on the Committee on Banking, Housing, and Urban Affairs (where he was previously chairman during the 116th Congress), the Committee on the Budget, and the Joint Committee on Taxation. His caucus memberships include co-chairing the Senate Nuclear Cleanup Caucus, the Senate Renewables and Energy Efficiency Caucus, and the Sportsmen's Caucus.

Politically conservative, Crapo holds a lifetime conservative rating of 91.30 from the American Conservative Union. His key political positions include being anti-abortion, a proponent of nuclear energy (supporting projects at the Idaho National Laboratory), and a strong opponent of gun control regulations, having received 'A+' grades from the National Rifle Association. In fiscal policy, he has argued for extending Republican tax cuts without deficit offsets and supports ending the IRS Direct File program. In October 2023, he visited China as part of a bipartisan congressional delegation, where he met with Chinese leaders and stated he would raise market-access concerns for Micron Technology.

Crapo is married to Susan Diane Hasleton (since 1974), and they have five children. He is a member of The Church of Jesus Christ of Latter-day Saints. He was diagnosed with prostate cancer in 1999, underwent treatment, and was declared cancer-free after a recurrence in 2005.","[{""sourceName"": ""Wikipedia"", ""sourceUrl"": ""https://en.wikipedia.org/wiki/Mike_Crapo"", ""reliability"": ""high""}]",mike-crapo
P023,Tim Scott,蒂姆·斯科特,1965-09-19,male,"参议院银行、住房和城市事务委员会主席 (Chairman, Senate Banking Committee)",O047,Republican Party,Attended Presbyterian College from 1983 to 1984 on a partial football scholarship. Transferred to and graduated from Charleston Southern University in 1988 with a Bachelor of Science degree in political science.,"Served on the Charleston County Council (1995–2009). Member of the South Carolina General Assembly (2009–2011). U.S. Representative for South Carolina's 1st congressional district (2011–2013). Appointed as U.S. Senator from South Carolina in 2013, winning subsequent elections. Currently chairs the Senate Committee on Banking and was elected chair of the National Republican Senatorial Committee after the 2024 elections.","Timothy Eugene Scott (born September 19, 1965) is an American businessman and politician serving as the junior United States senator from South Carolina since 2013. A member of the Republican Party, he has achieved several historic firsts: he is the first African-American senator from the Southern United States to be directly elected, the longest-serving African-American senator in U.S. history, the first African-American to serve in both the House and Senate, and the first African-American senator to chair a full committee. He currently chairs the Senate Committee on Banking, Housing, and Urban Affairs.

Born in North Charleston, South Carolina, Scott graduated from Charleston Southern University in 1988 with a Bachelor of Science in political science. He worked in financial services as an insurance agent and financial adviser before entering politics. His political career began on the Charleston County Council, where he served from 1995 to 2009. He then served as a member of the South Carolina General Assembly from 2009 to 2011.

Scott was elected to represent South Carolina's 1st congressional district in the U.S. House of Representatives from 2011 to 2013. In December 2012, Governor Nikki Haley appointed him to the U.S. Senate to replace the retiring Jim DeMint, making Scott the first African American U.S. senator from South Carolina. He won a special election for the seat in 2014 and was elected to full terms in 2016 and 2022.

In the Senate, Scott has been active on issues of race and police reform. He led the drafting of the Justice Act, a bill that included measures such as increased federal reporting for use of force, grants for police body cameras, the creation of a database of police disciplinary records, and the creation of a federal crime for lynching. The bill was blocked by a Democratic filibuster in 2020.

In May 2023, Scott declared his candidacy for the 2024 Republican Party presidential nomination but suspended his campaign in November 2023 due to low polling numbers. After the 2024 elections, he was elected chair of the National Republican Senatorial Committee. His committee assignments also include the Committee on Finance, the Committee on Health, Education, Labor, and Pensions, and the Committee on Small Business and Entrepreneurship.","[{""sourceName"": ""Wikipedia"", ""sourceUrl"": ""https://en.wikipedia.org/wiki/Tim_Scott"", ""reliability"": ""high""}]",tim-scott
P024,Ted Cruz,泰德·克鲁兹,1970-12-22,male,"参议院商业、科学和交通委员会主席 (Chairman, Senate Commerce Committee)",O047,Republican Party,Graduated from Princeton University with a Bachelor of Arts and earned a Juris Doctor from Harvard Law School.,Policy advisor in the George W. Bush administration (dates unspecified). Solicitor General of Texas (2003-2008). U.S. Senator from Texas (2013-present). Chairman of the Senate Commerce Committee (2025-present).,"Rafael Edward 'Ted' Cruz (born December 22, 1970) is an American politician and attorney serving as the junior United States senator from Texas since 2013. A member of the Republican Party, he has chaired the Senate Commerce Committee since 2025. Cruz was born in Calgary, Alberta, Canada, to an American mother of Irish and Italian descent and a Cuban-born father. His father, Rafael Cruz, left Cuba in 1957, later obtaining political asylum and U.S. citizenship. Ted Cruz renounced his Canadian citizenship in 2014. He is married to Heidi Nelson (m. 2001).

Cruz graduated from Princeton University with a Bachelor of Arts and earned a Juris Doctor from Harvard Law School. He began his political career as a policy advisor in the George W. Bush administration. From 2003 to 2008, he served as the Solicitor General of Texas, appointed by Attorney General Greg Abbott.

Cruz was elected to the U.S. Senate in 2012, becoming the first Hispanic American to serve as a U.S. senator from Texas. In the Senate, he has taken consistently conservative positions on economic and social policy. He played a leading role in the 2013 federal government shutdown, seeking to force Congress and President Barack Obama to defund the Affordable Care Act. Cruz was reelected in 2018 against Democratic nominee Beto O'Rourke and won a third term in 2024 against Congressman Colin Allred.

In 2016, Cruz sought the Republican presidential nomination, emerging as a serious competitor to Donald Trump. After initially withholding his endorsement, he became a strong supporter during Trump's first term. In 2021, Cruz objected to the certification of Joe Biden's victory in the 2020 presidential election.

As a senator, Cruz has stated his intention to be a leading defender of Israel. In 2025, he drafted and led the effort to pass the TAKE IT DOWN Act, signed into law by President Donald Trump, and introduced a bill to create what later became Trump Accounts.","[{""sourceName"": ""Wikipedia"", ""sourceUrl"": ""https://en.wikipedia.org/wiki/Ted_Cruz"", ""reliability"": ""high""}]",ted-cruz
P025,Roger Wicker,罗杰·威克,1951-07-05,male,"参议院军事委员会主席 (Chairman, Senate Armed Services Committee)",O047,Republican Party,Graduated from the University of Mississippi with a bachelor's degree in journalism and political science in 1973 and earned a J.D. degree from the University of Mississippi School of Law in 1975.,"1980: Served as House Rules Committee counsel to U.S. Representative Trent Lott. 1988-1995: Mississippi State Senator for the 6th district. 1995-2007: U.S. Representative for Mississippi's 1st congressional district. 2007-present: U.S. Senator from Mississippi, appointed in 2007, won special election in 2008, and reelected in 2012, 2018, and 2024. Currently chairs the Senate Armed Services Committee.","Roger Frederick Wicker (born July 5, 1951) is an American politician, attorney, and former Air Force officer serving as the senior United States senator from Mississippi, a position he has held since 2007. A member of the Republican Party, his political career began in the 1980s. After graduating from the University of Mississippi and its School of Law, he served as an officer in the United States Air Force from 1976 to 1980 and remained in the Air Force Reserve until 2003, retiring as a lieutenant colonel. He initially worked as a political counselor to Congressman Trent Lott on the House Rules Committee.

Wicker was first elected to public office in 1987, serving in the Mississippi State Senate from 1988 to 1994. In 1994, he was elected to the U.S. House of Representatives, succeeding long-serving Democrat Jamie Whitten to represent Mississippi's 1st congressional district. He served in the House from 1995 to 2007, where he was a member of the House Appropriations Committee, served as deputy Republican whip, and was president of the large freshman Republican class elected in 1994.

In December 2007, Wicker was appointed to the U.S. Senate by Mississippi Governor Haley Barbour to fill the seat vacated by the resignation of Senator Trent Lott. He subsequently won a special election in 2008 to complete the term and has been reelected to full terms in 2012, 2018, and 2024. In the Senate, Wicker has held leadership roles including Chairman of the National Republican Senatorial Committee from 2015 to 2017 and serves as a deputy Republican whip. He became Mississippi's senior senator in 2018.

In the 119th Congress, Wicker serves on four committees: the Committee on Commerce, Science, and Transportation; the Committee on Environment and Public Works; the Committee on Rules and Administration; and the Senate Armed Services Committee, which he chairs. His committee assignments include leadership of the Commission on Security and Cooperation in Europe. He is also a member of several caucuses, including the Congressional Human Rights Caucus, the Senate Taiwan Caucus, and is a co-chair of the Rare Disease Caucus and the Interstate 69 Caucus.","[{""sourceName"": ""Wikipedia"", ""sourceUrl"": ""https://en.wikipedia.org/wiki/Roger_Wicker"", ""reliability"": ""high""}]",roger-wicker
P026,Lindsey Graham,林赛·格雷厄姆,1955-07-09,male,"参议院预算委员会主席 (Chairman, Senate Budget Committee)",O047,Republican Party,Earned a Bachelor of Arts and a Juris Doctor from the University of South Carolina.,Served in the South Carolina House of Representatives (1993-1995). Served in the U.S. House of Representatives for South Carolina's 3rd district (1995-2003). Elected as U.S. Senator from South Carolina (2003-present). Chaired the Senate Committee on the Judiciary (2019-2021). Currently serves as Chairman of the Senate Budget Committee.,"Lindsey Olin Graham (born July 9, 1955) is an American politician and attorney serving as the senior United States senator from South Carolina, a seat he has held since 2003. A member of the Republican Party, he currently serves as the Chairman of the Senate Budget Committee. He previously chaired the Senate Committee on the Judiciary from 2019 to 2021. Graham earned both a Bachelor of Arts and a Juris Doctor from the University of South Carolina. He served in the United States Air Force from 1982 to 1988 as a member of the Judge Advocate General's Corps, working as a defense attorney and chief prosecutor in Europe. He later served in the U.S. Air Force Reserve while in Congress, achieving the rank of colonel and receiving a Bronze Star Medal for meritorious service in 2014. Before his Senate career, Graham served in the South Carolina House of Representatives (1993–1995) and the U.S. House of Representatives (1995–2003), representing South Carolina's 3rd congressional district. He was elected to the Senate in 2002 and reelected in 2008, 2014, and 2020. Politically, Graham is a neoconservative known as a defense hawk and an advocate for an aggressive, interventionist foreign policy. He initially gained a reputation for working with Democrats on issues like campaign finance reform, a ban on waterboarding, cap and trade, immigration reform, and judicial nominees. He criticized the Tea Party movement, arguing for a more inclusive Republican Party. In 2015, he sought the Republican nomination for president but dropped out before the primaries began. He was an outspoken critic of Donald Trump's 2016 candidacy but, after a 2017 meeting, became a staunch ally. On foreign policy, he was a frequent critic of the Obama administration and, alongside senators John McCain and Joe Lieberman, was part of a group that pushed for American military intervention, supporting the 2002 Iraq Resolution and the invasion of Iraq. On domestic issues, Graham has a mixed record. He voted for the Defense of Marriage Act in 1996 and supported a constitutional amendment opposing same-sex marriage in 2006, though later stated a constitutional amendment was no longer viable. On climate change, he co-sponsored a framework for a climate bill in 2009 but later withdrew support, questioning the science. In 2020, he sponsored the Growing Climate Solutions Act. In 2023, he co-sponsored the Foreign Pollution Fee Act, a carbon tariff proposal. Regarding investigations into Russian interference in the 2016 election, Graham, along with Senator Chuck Grassley, recommended charges against Christopher Steele, author of the Steele dossier, in 2018. He also introduced legislation aimed at protecting Special Counsel Robert Mueller from being fired without cause.","[{""sourceName"": ""Wikipedia"", ""sourceUrl"": ""https://en.wikipedia.org/wiki/Lindsey_Graham"", ""reliability"": ""high""}]",lindsey-graham
P027,Chuck Grassley,查克·格拉斯利,1933-09-17,male,"参议院司法委员会主席 (Chairman, Senate Judiciary Committee)",O047,Republican Party,Graduated from New Hartford Community High School in 1951. Earned a BA in 1955 and an MA in political science in 1956 from Iowa State Teachers College (now University of Northern Iowa). Pursued a Ph.D. in political science at the University of Iowa but did not complete it.,"Served in the Iowa House of Representatives (1959–1975). Served in the United States House of Representatives (1975–1981). U.S. Senator from Iowa since 1981. Served as president pro tempore of the U.S. Senate (2019–2021, and again since 2025). Became the 45th dean of the U.S. Senate in 2023.","Charles Ernest Grassley (born September 17, 1933) is an American politician serving as the senior United States senator from Iowa, a position he has held since 1981. A member of the Republican Party, he is the longest-serving Republican in congressional history and, as of the provided text, the oldest sitting United States senator. Grassley has held significant leadership roles, including serving as president pro tempore of the United States Senate from 2019 to 2021 and again since 2025. Upon Patrick Leahy's retirement in January 2023, he became the most senior member of the Senate, a role known as the Dean of the United States Senate.

His political career began in the Iowa House of Representatives, where he served from 1959 to 1975. He then served three terms in the United States House of Representatives from 1975 until his election to the Senate. During his extensive Senate tenure, Grassley has chaired several powerful committees, including the Finance Committee (during three separate stints), the Judiciary Committee, the Aging Committee, and the Narcotics Control Caucus. His committee assignments in the 118th Congress include the Committees on Agriculture, Nutrition, and Forestry; Finance (where he is Ranking Member); the Budget (Ranking Member); and the Judiciary. He also co-chairs the United States Senate Caucus on International Narcotics Control.

Grassley is noted for his Senate voting record, having set a record for the longest period without a missed roll-call vote—a streak that lasted over 27 years and 8,927 votes until November 2020. He has cast over 12,000 votes in his Senate career.

On policy, the text highlights several of his positions. He identifies as pro-life, co-sponsored the Pain-Capable Unborn Child Protection Act in 2019, and approved of the overturning of Roe v. Wade in 2022. In agriculture and energy, he has been a prominent advocate for federal ethanol subsidies and wind energy, authoring the federal wind energy tax credit in 1992. He has criticized the Environmental Protection Agency's handling of biofuel regulations. On antitrust, he co-introduced the American Innovation and Choice Online Act in 2021. He supports repealing the estate tax, arguing it is harmful to farmers and small business owners. Grassley filed for reelection for a ninth Senate term in 2028.","[{""sourceName"": ""Wikipedia"", ""sourceUrl"": ""https://en.wikipedia.org/wiki/Chuck_Grassley"", ""reliability"": ""high""}]",chuck-grassley
P028,Jim Risch,吉姆·里施,1943-05-03,male,"参议院外交关系委员会主席 (Chairman, Senate Foreign Relations Committee)",O047,Republican Party,"Attended University of Wisconsin–Milwaukee (1961-1963), transferred to University of Idaho, earning a B.S. in forestry in 1965 and a J.D. in 1968.","Elected Ada County Prosecuting Attorney in 1970. Served in the Idaho Senate from 1974 to 1988, and again from 1995 to 2002. Served as Lieutenant Governor of Idaho from 2003 to 2006, then as Governor from May 2006 to January 2007. Served again as Lieutenant Governor from 2007 to 2009. Elected as U.S. Senator from Idaho in 2008, and has been reelected since.","James Elroy Risch (born May 3, 1943) is an American lawyer and politician who has served as the junior United States senator from Idaho since 2009. A member of the Republican Party, his political career spans over five decades, beginning at the state level in Idaho. Born in Milwaukee, Wisconsin, Risch moved to Idaho in the early 1960s. He earned a B.S. in forestry in 1965 and a J.D. in 1968 from the University of Idaho. He entered politics in 1970 at age 27, winning election as Ada County Prosecuting Attorney, a role in which he also taught criminal justice at Boise State College.

Risch was first elected to the Idaho Senate in 1974, where he served until 1988, holding leadership positions including majority leader and president pro tempore. After a brief period out of office, he was appointed to the state Senate again in 1995 and served until 2002. In 2002, he was elected Lieutenant Governor of Idaho. He ascended to the governorship in May 2006 upon the resignation of Governor Dirk Kempthorne, serving out the remainder of the term. During his brief tenure as the 31st governor, he called a special legislative session for property tax reform and issued an executive order on employee citizenship verification. He then returned to the role of Lieutenant Governor under Governor Butch Otter from 2007 to 2009.

Risch was elected to the U.S. Senate in 2008 and has been reelected in 2014 and 2020. In the Senate, he holds a seat on the Senate Foreign Relations Committee, where he currently serves as Chairman. His foreign policy actions include co-sponsoring the Israel Anti-Boycott Act in 2018, co-sponsoring a 2019 act to sanction Turkey, and advocating for sanctions related to conflicts in Ethiopia and Sudan. In 2024, he sponsored a report advocating for strengthening NATO. Politically conservative, Risch is anti-abortion and supported the overturning of Roe v. Wade. He is married to Vicki Risch since 1968.","[{""sourceName"": ""Wikipedia"", ""sourceUrl"": ""https://en.wikipedia.org/wiki/Jim_Risch"", ""reliability"": ""high""}]",jim-risch
P029,Susan Collins,苏珊·柯林斯,1952-12-07,female,"参议院拨款委员会主席 (Chair, Senate Appropriations Committee)",O047,Republican Party,Graduated magna cum laude from St. Lawrence University with a bachelor's degree in government in 1975.,1975-1987: Legislative assistant to U.S. Representative/Senator William Cohen. 1981-1987: Staff director of the Oversight of Government Management Subcommittee. 1987: Commissioner of the Maine Department of Professional and Financial Regulation. 1992: New England regional director for the Small Business Administration. 1993: Deputy State Treasurer of Massachusetts. 1994: Republican nominee for Governor of Maine. 1994-1996: Founding executive director of the Center for Family Business at Husson College. 1997-present: U.S. Senator from Maine. 2003-2007: Chair of the Senate Committee on Homeland Security and Governmental Affairs. 2015-2021: Chair of the Senate Special Committee on Aging. 2025-present: Chair of the Senate Appropriations Committee.,"Susan Margaret Collins (born December 7, 1952) is an American politician serving as the senior United States senator from Maine, a seat she has held since 1997. A member of the Republican Party, she is Maine's longest-serving member of Congress and the longest-serving Republican woman senator. Since 2025, Collins has served as chair of the Senate Appropriations Committee.

Born in Caribou, Maine, Collins is a graduate of St. Lawrence University. Her political career began in 1975 as a staff assistant for Senator William Cohen. She later served as staff director of the Oversight of Government Management Subcommittee of the Committee on Governmental Affairs (1981-1987). Governor John R. McKernan Jr. appointed her commissioner of the Maine Department of Professional and Financial Regulation in 1987. In 1992, President George H. W. Bush appointed her director of the Small Business Administration's regional office in Boston. She served as a deputy state treasurer in Massachusetts in 1993.

Returning to Maine, Collins was the Republican nominee for governor in 1994, becoming the first female major-party nominee for the post, though she finished third. She then became the founding director of the Center for Family Business at Husson University.

Collins was first elected to the U.S. Senate in 1996 and has been reelected every six years since. She chaired the Senate Special Committee on Aging from 2015 to 2021 and the Senate Committee on Homeland Security and Governmental Affairs from 2003 to 2007. She is the dean of Maine's congressional delegation and, for several Congresses, has been the only New England Republican in the Senate.

Generally regarded as a moderate Republican, Collins is often a pivotal vote in the Senate. She was one of three Republicans to vote against a partial repeal of the Affordable Care Act, the sole Republican to vote against confirming Amy Coney Barrett to the Supreme Court, and one of three to vote to confirm Ketanji Brown Jackson. She voted to confirm Brett Kavanaugh. She opposed the Women's Health Protection Act and supports maintaining the 60-vote Senate threshold for legislation. Collins was a pivotal Republican vote for the Trump administration's Tax Cuts and Jobs Act.

During President Bill Clinton's impeachment trial, she voted to acquit on both charges. In the first impeachment trial of Donald Trump, she voted to acquit. In his second impeachment trial, she was one of seven Republicans to vote to convict Trump of incitement of insurrection.","[{""sourceName"": ""Wikipedia"", ""sourceUrl"": ""https://en.wikipedia.org/wiki/Susan_Collins"", ""reliability"": ""high""}]",susan-collins
P030,Mike Johnson,迈克·约翰逊,1972-01-30,male,众议院议长 (Speaker of the House),O046,Republican Party,Graduated from Captain Shreve High School. Earned a Bachelor of Science in business administration from Louisiana State University in 1995 and a Juris Doctor from Louisiana State's Paul M. Hebert Law Center in 1998.,Attorney for Alliance Defending Freedom (2002-2010). Served on the Ethics and Religious Liberty Commission of the Southern Baptist Convention (2004-2012). Elected to Louisiana House of Representatives (2015-2017). First elected to U.S. House of Representatives for Louisiana's 4th district (2017-present). Served as Chair of the Republican Study Committee (2019-2021) and Vice Chair of the House Republican Conference (2021-2023). Elected 56th Speaker of the House (2023-present).,"James Michael ""Mike"" Johnson (born January 30, 1972) is an American lawyer and politician serving as the 56th speaker of the United States House of Representatives since October 25, 2023. A member of the Republican Party, he is in his fifth term representing Louisiana's 4th congressional district, a position he has held since 2017. Johnson's political career began with his election to the Louisiana House of Representatives in 2015, where he served until 2017. He first won election to the U.S. House in 2016 and has been reelected consistently, running unopposed in 2022. Before entering politics, Johnson worked as a constitutional lawyer. He was an attorney for the Alliance Defending Freedom (ADF), a conservative Christian legal advocacy group, from 2002 to 2010. His legal career focused on defending religious freedom, the sanctity of human life, and traditional marriage. Notably, he defended Louisiana Amendment 1, which defined marriage as between one man and one woman, in 2004. He also represented the Ark Encounter theme park in a 2015 federal lawsuit against Kentucky officials. Johnson served on the Ethics and Religious Liberty Commission of the Southern Baptist Convention from 2004 to 2012. In Congress, Johnson has held several leadership roles. He chaired the Republican Study Committee, the largest caucus of conservatives in Congress, from 2019 to 2021. He served as vice chair of the House Republican Conference from 2021 to 2023. A social conservative, he has supported bills to ban abortion nationwide. Johnson was among the 147 Republicans who voted to overturn the results of the 2020 presidential election. He was elected Speaker of the House in October 2023 after the ouster of Kevin McCarthy and was narrowly reelected to a full term as speaker in 2025. Johnson is a graduate of Captain Shreve High School in Shreveport, Louisiana. He earned a Bachelor of Science in business administration from Louisiana State University in 1995 and a Juris Doctor degree from LSU's Paul M. Hebert Law Center in 1998.","[{""sourceName"": ""Wikipedia"", ""sourceUrl"": ""https://en.wikipedia.org/wiki/Mike_Johnson"", ""reliability"": ""high""}]",mike-johnson
P031,Steve Scalise,史蒂夫·斯卡利斯,1965-10-06,male,众议院多数党领袖 (House Majority Leader),O046,Republican Party,Graduated from Archbishop Rummel High School and earned a Bachelor of Science degree from Louisiana State University (LSU) with a major in computer science and a minor in political science.,1995-2007: Served in the Louisiana House of Representatives. 2007: Elected to the Louisiana State Senate (served four months). 2008-present: U.S. Representative for Louisiana's 1st congressional district. 2013-2014: Chair of the House Republican Study Committee. 2014-2019: House Majority Whip. 2019-2023: House Minority Whip. 2023-present: House Majority Leader.,"Stephen Joseph Scalise (born October 6, 1965) is an American politician serving as the House Majority Leader since 2023 and as the U.S. Representative for Louisiana's 1st congressional district since 2008. A member of the Republican Party, his district includes most of New Orleans's suburbs and a portion of New Orleans itself. Before his election to Congress, Scalise served in the Louisiana State Senate for four months and three terms in the Louisiana House of Representatives. He was the chair of the House Republican Study Committee from 2013 to 2014. On June 19, 2014, Scalise was elected by his Republican colleagues as Majority Whip of the United States House of Representatives, assuming office on August 1. He served as Majority Whip from 2014 to 2019 and as House Minority Whip from 2019 to 2023. He is the first Louisianian to serve as majority whip since Hale Boggs. In 2017, Scalise became the dean of the Louisiana congressional delegation. On June 14, 2017, Scalise was shot and seriously wounded during a practice for the Congressional Baseball Game by a domestic terrorist targeting Republicans. He underwent months of treatment, returning to Congress on September 28. In October 2023, following the removal of Kevin McCarthy, Scalise defeated Jim Jordan to win the Republican nomination for Speaker of the House but withdrew a day later after failing to consolidate the necessary votes. Scalise was born in New Orleans and graduated from Archbishop Rummel High School. He earned a Bachelor of Science degree from Louisiana State University in Baton Rouge, majoring in computer science with a minor in political science. In Congress, his committee assignments have included the Committee on Energy and Commerce and its subcommittees, and he served as the Ranking Member on the Select Subcommittee on the Coronavirus Crisis. His caucus memberships include the Congressional Western Caucus, the Republican Study Committee, and the Congressional Caucus on Turkey and Turkish Americans. Key legislative actions include co-sponsoring the Stop Online Piracy Act in 2011, voting against reauthorizing the Violence Against Women Act in 2013, sponsoring the FCC Consolidated Reporting Act in 2013, and voting in favor of the Tax Cuts and Jobs Act in 2017.","[{""sourceName"": ""Wikipedia"", ""sourceUrl"": ""https://en.wikipedia.org/wiki/Steve_Scalise"", ""reliability"": ""high""}]",steve-scalise
P032,Tom Cole,汤姆·科尔,1949-04-28,male,"众议院拨款委员会主席 (Chairman, House Appropriations Committee)",O046,Republican Party,"Graduated from Grinnell College in 1971 with a BA in history. Earned an MA from Yale University in 1974 and a PhD from the University of Oklahoma in 1984, both in British history.",Elected to the Oklahoma Senate (1988-1991). Served as Oklahoma's Secretary of State (1995-1999). Elected as U.S. Representative for Oklahoma's 4th congressional district (2003-present). Served as Chairman of the National Republican Congressional Committee (NRCC) following the 2006 election cycle. Served as chair of the House Appropriations Subcommittee on the Legislative Branch (as of 2015).,"Thomas Jeffery Cole (born April 28, 1949) is an American politician serving as the U.S. representative for Oklahoma's 4th congressional district since 2003. A member of the Republican Party, he currently chairs the House Committee on Appropriations, the first Native American and first Oklahoman to hold that position. Cole is a member of the Chickasaw Nation and, as of 2022, became the longest-serving Native American in the history of Congress. He is one of four Native Americans in Congress who are enrolled tribal members.

Cole's political career began in Oklahoma state government. Following his mother, Helen Cole, the first Native American elected to the Oklahoma Senate, he was elected to the Oklahoma Senate himself in 1988, serving until 1991. He chaired the Oklahoma Republican Party for much of the 1980s. He later served as the 26th secretary of state of Oklahoma from 1995 to 1999, appointed by Governor Frank Keating, and assisted with recovery efforts after the 1995 Oklahoma City bombing. Before his election to the U.S. House, he worked as a political consultant and was executive director of the National Republican Congressional Committee (NRCC).

Elected to the U.S. House of Representatives in 2002, Cole has established a solidly conservative voting record, consistently voting anti-abortion and for gun rights, while holding pro-business views and supporting free trade, the military, and veterans. Following the 2006 election cycle, he was elected by the House Republican Conference to serve as NRCC chairman. He has been a leading voice for strengthening protections for Native American women under the Violence Against Women Act and has prioritized educating members of Congress on American Indian issues. He has sponsored legislation on various topics, including prohibiting public funds for political party conventions and allowing tax credits for homeschool materials.

Cole holds a BA in history from Grinnell College, an MA from Yale University, and a PhD in British history from the University of Oklahoma. He was a Fulbright Fellow at the University of London. The Center for Effective Lawmaking ranked him as the third-most effective House Republican in the 119th Congress (2023–25). He is married to Ellen Cole and has one son.","[{""sourceName"": ""Wikipedia"", ""sourceUrl"": ""https://en.wikipedia.org/wiki/Tom_Cole"", ""reliability"": ""high""}]",tom-cole
P033,Jason Smith,杰森·史密斯,1986-01-01,,"众议院筹款委员会主席 (Chairman, House Ways and Means Committee)",O046,,,,,"[{""sourceName"": ""Wikipedia"", ""sourceUrl"": ""https://en.wikipedia.org/wiki/Jason_Smith"", ""reliability"": ""high""}]",jason-smith
P034,Brett Guthrie,布雷特·加斯里,1964-02-18,male,"众议院能源和商业委员会主席 (Chairman, House Energy and Commerce Committee)",O046,Republican Party,Earned a Bachelor of Science in mathematical economics from the U.S. Military Academy at West Point in 1987 and a Master's of Public and Private Management from the Yale School of Management in 1997.,"Field artillery officer in the 101st Airborne Division at Fort Campbell, Kentucky (dates not specified). Vice president of Trace Die Cast, Inc. (dates not specified). Kentucky State Senator for the 32nd district (1999–2008). U.S. Representative for Kentucky's 2nd congressional district (2009–present). Chairman of the House Committee on Energy and Commerce (119th Congress, present).","Steven Brett Guthrie (born February 18, 1964) is an American businessman and politician serving as the U.S. representative for Kentucky's 2nd congressional district since 2009. He is the Chairman of the House Energy and Commerce Committee in the 119th Congress. Guthrie was born in Florence, Alabama, and earned a Bachelor of Science in mathematical economics from the U.S. Military Academy at West Point in 1987 and a Master's of Public and Private Management from the Yale School of Management in 1997. He served as a field artillery officer in the 101st Airborne Division at Fort Campbell, Kentucky, and was a vice president of Trace Die Cast, Inc., an automotive parts supplier.

Guthrie began his political career in the Kentucky Senate, representing the 32nd district from 1999 to 2008, where he served as vice chair of the Economic Development, Tourism and Labor Committee and chaired the Transportation Committee. He was elected to the U.S. House of Representatives in 2008, succeeding retiring Representative Ron Lewis after defeating Democratic nominee David Boswell. He has been reelected multiple times, often by large margins.

During his tenure in Congress, Guthrie has served on the Committee on Energy and Commerce, which he now chairs. His legislative actions include voting for the National Defense Authorization Act for Fiscal Year 2012, voting against defunding the NSA in 2013, and voting to end the 2013 federal government shutdown. He introduced the Missing Children's Assistance Reauthorization Act of 2013. In 2017, he co-introduced the PROSPER Act, which aimed to reform education funding, and voted for the Tax Cuts and Jobs Act. In 2022, he criticized President Joe Biden's student loan forgiveness plan.

Guthrie's political positions include supporting the repeal and replacement of the Affordable Care Act and co-sponsoring a bill to reduce Medicare's power to negotiate drug prices. He is a member of several caucuses, including the Republican Study Committee, the Climate Solutions Caucus, the Congressional Arts Caucus, the U.S.–Japan Caucus, the Rare Disease Caucus, and the Congressional Caucus on Turkey and Turkish Americans. He is married to Beth Clemmons and has three children and three grandchildren.","[{""sourceName"": ""Wikipedia"", ""sourceUrl"": ""https://en.wikipedia.org/wiki/Brett_Guthrie"", ""reliability"": ""high""}]",brett-guthrie
P035,Jim Jordan,吉姆·乔丹,1964-02-17,male,"众议院司法委员会主席 (Chairman, House Judiciary Committee)",O046,Republican Party,Graduated from the University of Wisconsin–Madison in 1986 with a bachelor's degree in economics. Later earned a master's degree in education from Ohio State University and a Juris Doctor from Capital University Law School in 2001.,Assistant wrestling coach at Ohio State University (1987-1995). Elected to Ohio House of Representatives (1995). Elected to Ohio Senate (2001). U.S. Representative for Ohio's 4th congressional district (2007-present). First Chair of the House Freedom Caucus (2015-2017). Ranking Member of the House Oversight Committee (2019-2020). Ranking Member of the House Judiciary Committee (2020-2023). Chairman of the House Judiciary Committee (2023-present).,"James Daniel Jordan (born February 17, 1964) is an American politician who has served as the U.S. Representative for Ohio's 4th congressional district since 2007. A member of the Republican Party, he is currently in his tenth term. Jordan is the Chairman of the House Judiciary Committee, a role he assumed in 2023 after serving as its ranking member from 2020. He previously served as the ranking member of the House Oversight Committee from 2019 to 2020.

Before his political career, Jordan was a champion collegiate wrestler at the University of Wisconsin–Madison, winning two NCAA Division I national championships in 1985 and 1986. He later worked as an assistant wrestling coach at Ohio State University from 1987 to 1995, a period during which team physician Richard Strauss sexually abused numerous athletes. Several individuals have stated Jordan was aware of the abuse, which he has consistently denied.

Jordan entered politics in the Ohio General Assembly, serving in the Ohio House of Representatives from 1994 and later in the Ohio Senate from 2000 to 2006. Upon his election to the U.S. House in 2006, he became a prominent figure in conservative circles. He helped found the right-wing populist House Freedom Caucus and served as its first chair from 2015 to 2017, and as its vice chair since 2017. He was a prominent critic of Speaker John Boehner, who resigned under pressure from the caucus in 2015.

In Congress, Jordan has been a close ally of former President Donald Trump. During Trump's presidency, he sought to discredit investigations into Russian election interference and staged a sit-in to obstruct a Trump impeachment inquiry. After the 2020 presidential election, Jordan supported lawsuits challenging the results and voted against certifying the Electoral College results. He refused to cooperate with the House Select Committee on the January 6 Attack, which subpoenaed him in 2022.

Jordan has been involved in multiple Speaker of the House elections. He supported Kevin McCarthy during the January 2023 election, but after McCarthy's removal later that year, Jordan became the Republican nominee for Speaker in October 2023. He failed to win the speakership after three rounds of voting and withdrew his nomination.","[{""sourceName"": ""Wikipedia"", ""sourceUrl"": ""https://en.wikipedia.org/wiki/Jim_Jordan"", ""reliability"": ""high""}]",jim-jordan
P036,James Comer,詹姆斯·科默,1972-08-19,male,"众议院监督与问责委员会主席 (Chairman, House Oversight Committee)",O046,Republican Party,Received a BS in Agriculture from Western Kentucky University in 1993.,2000-2012: Served in the Kentucky House of Representatives. 2012-2016: Served as Kentucky's Agriculture Commissioner. 2016-Present: U.S. Representative for Kentucky's 1st congressional district. 2023-Present: Chairman of the House Oversight Committee.,"James Richardson Comer Jr. (born August 19, 1972) is an American politician from Kentucky. A member of the Republican Party, he has represented Kentucky's 1st congressional district in the United States House of Representatives since 2016. He currently serves as the Chairman of the House Oversight Committee, a role he assumed in 2023. His political career began in Kentucky state government. He served in the Kentucky House of Representatives from 2000 to 2012, first elected at age 27. From 2012 to 2016, he served as Kentucky's Agriculture Commissioner. In that role, he chaired the Kentucky Industrial Hemp Commission and was instrumental in restarting the state's industrial hemp industry, including filing suit against the DEA to allow hemp seeds to be delivered to farmers. He also founded the Kentucky Proud Farm to Campus program and created mobile science centers for agricultural education. In 2015, Comer sought the Republican nomination for Governor of Kentucky but narrowly lost the primary to Matt Bevin. Elected to the U.S. House in 2016, Comer has focused on agricultural issues. He was an original cosponsor of the Hemp Farming Act, which was later included in the 2018 Farm Bill and legalized hemp nationwide. During the COVID-19 pandemic, he co-introduced the COVID-19 Child Nutrition Response Act to ensure student access to school meals during closures. He voted for the Tax Cuts and Jobs Act of 2017. As Chairman of the House Oversight Committee, Comer has led investigations into President Joe Biden and his family, and, following Biden's withdrawal from the 2024 presidential race, into Vice President Kamala Harris and Governor Tim Walz. The text notes that, as of August 2024, his investigation had not found evidence Biden was directly involved in or profited from his family's business activities. Comer is a social conservative, opposing same-sex marriage and abortion, and has supported lifting the trade embargo on Cuba. Prior to his political career, Comer graduated from Western Kentucky University with a BS in Agriculture, served as president of the Kentucky Future Farmers of America, operated a family farm, and was a bank director and local chamber of commerce president.","[{""sourceName"": ""Wikipedia"", ""sourceUrl"": ""https://en.wikipedia.org/wiki/James_Comer"", ""reliability"": ""high""}]",james-comer
P037,John Roberts,约翰·罗伯茨,1955-01-27,male,美国首席大法官,O037,Independent,"Attended Harvard University, graduating with a B.A. summa cum laude in 1976, then attended Harvard Law School.",Law clerk for Judge Henry Friendly (1979-1980). Law clerk for Justice William Rehnquist (1980-1981). Special assistant to the Attorney General (1981). Held positions in the Department of Justice (1989-1993). Appointed to the U.S. Court of Appeals for the D.C. Circuit (2003). Confirmed as the 17th Chief Justice of the United States (2005-present).,"John Glover Roberts Jr. (born January 27, 1955) is an American jurist who has served since 2005 as the 17th chief justice of the United States. He is regarded as having a moderate conservative judicial philosophy and has been described as a swing vote in some cases. Roberts has presided over an ideological shift toward conservative jurisprudence on the Supreme Court, authoring key opinions.

Roberts was born in Buffalo, New York, and raised Catholic in Northwest Indiana. He attended Harvard University, graduating summa cum laude with a Bachelor of Arts in history in three years. He then attended Harvard Law School, where he was managing editor of the Harvard Law Review and graduated magna cum laude at the top of his class in 1979.

His early legal career included clerkships for Judge Henry Friendly on the U.S. Court of Appeals for the Second Circuit (1979–1980) and for Justice William Rehnquist at the U.S. Supreme Court (1980–1981). He served in the Department of Justice from 1989 to 1993 during the presidencies of Ronald Reagan and George H. W. Bush, first as Principal Deputy Solicitor General. Between government roles, he worked in private practice, building a leading appellate practice and arguing 39 cases before the Supreme Court.

In 2003, President George W. Bush appointed Roberts to the U.S. Court of Appeals for the District of Columbia Circuit. In 2005, Bush nominated him to the Supreme Court—first as an associate justice to fill Sandra Day O'Connor's vacancy, then as chief justice following William Rehnquist's death. Roberts was confirmed by a Senate vote of 78–22, becoming, at age 50, the youngest chief justice since John Marshall.

As chief justice, Roberts has authored majority opinions in landmark cases including National Federation of Independent Business v. Sebelius (upholding most of the Affordable Care Act), Shelby County v. Holder (limiting the Voting Rights Act of 1965), Trump v. Hawaii (expanding presidential powers over immigration), Carpenter v. United States (expanding digital privacy), Students for Fair Admissions v. Harvard (overruling race-based admission programs), and Trump v. United States (outlining presidential immunity from criminal prosecution). He also presided over President Donald Trump's first impeachment trial.","[{""sourceName"": ""Wikipedia"", ""sourceUrl"": ""https://en.wikipedia.org/wiki/John_Roberts"", ""reliability"": ""high""}]",john-roberts
P038,Clarence Thomas,克拉伦斯·托马斯,1948-06-23,male,联席大法官,O037,,Graduated with honors from the College of the Holy Cross in 1971 and earned his Juris Doctor from Yale Law School in 1974.,"1971: Graduated from College of the Holy Cross. 1974: Earned Juris Doctor from Yale Law School. After graduation, appointed as an assistant attorney general in Missouri, then entered private practice. 1979: Became a legislative assistant to U.S. Senator John Danforth. 1981: Made Assistant Secretary for Civil Rights at the U.S. Department of Education. 1982: Appointed Chairman of the Equal Employment Opportunity Commission (EEOC). 1990: Nominated to the United States Court of Appeals for the District of Columbia Circuit. 1991: Became an Associate Justice of the Supreme Court of the United States.","Clarence Thomas (born June 23, 1948) is an American lawyer and jurist who has served as an associate justice of the Supreme Court of the United States since 1991. He is the second African American to serve on the Court and, following the retirements of Anthony Kennedy in 2018 and Stephen Breyer in 2022, he became its longest-serving and oldest member. President George H. W. Bush nominated Thomas to succeed Thurgood Marshall. His Senate confirmation hearings were intensely contentious, centering on an accusation of sexual harassment by Anita Hill, a former subordinate. He was confirmed by a narrow vote of 52–48.

Thomas was born in Pin Point, Georgia, into a poor Gullah community. After his father abandoned the family, he was raised by his maternal grandfather in Savannah. He initially intended to become a Catholic priest but left the seminary after encountering racism. He graduated with honors from the College of the Holy Cross in 1971 and earned a Juris Doctor from Yale Law School in 1974.

His legal career began as an assistant attorney general in Missouri. He later served as a legislative assistant to U.S. Senator John Danforth (1979), Assistant Secretary for Civil Rights at the U.S. Department of Education (1981), and Chairman of the Equal Employment Opportunity Commission (EEOC), appointed by President Ronald Reagan in 1982. In 1990, President Bush nominated him to the United States Court of Appeals for the District of Columbia Circuit, where he served for 19 months before his elevation to the Supreme Court.

On the Court, Thomas is known as a foremost originalist, emphasizing the original meaning of the U.S. Constitution in his interpretations. He is widely considered the Court's most conservative member. Notable majority opinions he has authored include Good News Club v. Milford Central School, concerning religious speech under the First Amendment, and New York State Rifle & Pistol Association, Inc. v. Bruen, affirming the right to bear arms outside the home. He is also known for his dissent in Gonzales v. Raich, arguing against Congress's power to criminalize private cultivation of medical cannabis. For many years, he was notable for his silence during oral arguments, though he has since begun asking more questions.","[{""sourceName"": ""Wikipedia"", ""sourceUrl"": ""https://en.wikipedia.org/wiki/Clarence_Thomas"", ""reliability"": ""high""}]",clarence-thomas
P039,Samuel Alito,萨缪尔·阿利托,1950-04-01,male,联席大法官,O037,,"Princeton University (BA, graduated 1972) and Yale Law School (JD, graduated 1975).",1976-1977: Law clerk for Third Circuit Judge Leonard I. Garth. 1977-1981: Assistant U.S. Attorney for the District of New Jersey. 1981-1985: Assistant to U.S. Solicitor General Rex E. Lee. 1985-1987: Deputy Assistant Attorney General in the Office of Legal Counsel. 1987-1990: U.S. Attorney for the District of New Jersey. 1990-2006: Judge on the U.S. Court of Appeals for the Third Circuit. 2006-present: Associate Justice of the Supreme Court of the United States.,"Samuel Anthony Alito Jr. (born April 1, 1950) is an American jurist serving as an associate justice of the Supreme Court of the United States. He was nominated by President George W. Bush on October 31, 2005, and has served since January 31, 2006. He is the second Italian American justice to serve on the Court, after Antonin Scalia.

Alito was raised in Hamilton Township, New Jersey, and graduated summa cum laude from Princeton University's Woodrow Wilson School of Public and International Affairs in 1972. His senior thesis was on the Italian Constitutional Court. He then attended Yale Law School, where he served as an editor of the Yale Law Journal and earned a Juris Doctor in 1975. After law school, he clerked for Third Circuit Judge Leonard I. Garth.

His early legal career included serving as an Assistant United States Attorney for the District of New Jersey (1977–1981), where he prosecuted cases involving drug trafficking and organized crime. From 1981 to 1985, he was Assistant to the U.S. Solicitor General, arguing 12 cases before the Supreme Court. He later served as Deputy Assistant Attorney General in the Office of Legal Counsel (1985–1987) and as the United States Attorney for the District of New Jersey (1987–1990).

In 1990, President George H. W. Bush nominated Alito to the United States Court of Appeals for the Third Circuit, where he served until his elevation to the Supreme Court. As a judge, he described himself as a ""practical originalist"" and is considered a member of the Court's conservative bloc.

On the Supreme Court, Justice Alito has authored majority opinions in several landmark cases. These include McDonald v. Chicago (2010), which addressed firearm rights; Burwell v. Hobby Lobby (2014), concerning insurance coverage; Janus v. AFSCME (2018), on public-sector union security agreements; and Dobbs v. Jackson Women's Health Organization (2022), which overturned Roe v. Wade and returned the issue of abortion to the states.","[{""sourceName"": ""Wikipedia"", ""sourceUrl"": ""https://en.wikipedia.org/wiki/Samuel_Alito"", ""reliability"": ""high""}]",samuel-alito
P040,Brett Kavanaugh,布雷特·卡瓦诺,1965-02-12,male,联席大法官,O037,Independent,Graduated cum laude with a Bachelor of Arts in history from Yale University in 1987. Earned a Juris Doctor degree from Yale Law School in 1990.,"1990-1991: Law clerk for Judge Walter King Stapleton of the U.S. Court of Appeals for the Third Circuit. 1991-1992: Law clerk for Judge Alex Kozinski of the U.S. Court of Appeals for the Ninth Circuit. 1993-1994: Law clerk for Supreme Court Justice Anthony Kennedy. Mid-1990s to 1998: Associate Counsel in the Office of the Independent Counsel under Ken Starr, assisting with investigations concerning President Bill Clinton and co-authoring the Starr Report. Early 2000s: White House staff secretary in the Bush administration. 2006-2018: U.S. circuit judge of the U.S. Court of Appeals for the District of Columbia Circuit. 2018-present: Associate justice of the Supreme Court of the United States.","Brett Michael Kavanaugh (born February 12, 1965) is an American lawyer and jurist serving as an associate justice of the Supreme Court of the United States. He was nominated by President Donald Trump on July 9, 2018, and has served since October 6, 2018. Kavanaugh was previously a U.S. circuit judge of the U.S. Court of Appeals for the District of Columbia Circuit from 2006 to 2018.

Kavanaugh studied history at Yale University, graduating cum laude in 1987, and then attended Yale Law School, where he was a member of the Yale Law Journal, earning a Juris Doctor in 1990. His legal career began with clerkships for Judge Walter King Stapleton of the Third Circuit and Judge Alex Kozinski of the Ninth Circuit. He later clerked for Supreme Court Justice Anthony Kennedy from 1993 to 1994.

He worked as an associate counsel in the Office of the Independent Counsel under Ken Starr from 1994 to 1997 and again in 1998. In this role, Kavanaugh assisted with investigations concerning President Bill Clinton, was a principal author of the Starr Report recommending Clinton's impeachment, and argued the case Swidler & Berlin v. United States before the Supreme Court. He joined the George W. Bush administration in 2001, initially in the White House Counsel's office, and later served as Assistant to the President and White House Staff Secretary from 2003. In this capacity, he was a central figure in the administration's efforts to identify and confirm judicial nominees.

President Bush nominated Kavanaugh to the U.S. Court of Appeals for the D.C. Circuit in 2003. His confirmation hearings were contentious and stalled for three years over charges of partisanship before he was confirmed in May 2006.

His nomination to the Supreme Court in 2018 was highly controversial. During the confirmation process, Christine Blasey Ford and three other women accused him of sexual misconduct in the early 1980s; Kavanaugh denied all accusations, which were not corroborated by eyewitness testimony. The Senate Judiciary Committee held a supplemental hearing and voted along party lines to advance the nomination. The full Senate confirmed Kavanaugh by a vote of 50–48 on October 6, 2018. Since the death of Justice Ruth Bader Ginsburg in 2020, Kavanaugh has come to be regarded as a swing vote on the Court. He was the target of an assassination plot in June 2022.","[{""sourceName"": ""Wikipedia"", ""sourceUrl"": ""https://en.wikipedia.org/wiki/Brett_Kavanaugh"", ""reliability"": ""high""}]",brett-kavanaugh
P041,Amy Coney Barrett,艾米·科尼·巴雷特,1972-01-28,female,联席大法官,O037,,"Graduated magna cum laude with a Bachelor of Arts in English literature from Rhodes College in 1994. Earned a Juris Doctor summa cum laude, ranking first in her class, from Notre Dame Law School in 1997.","1997-1998: Law clerk for Judge Laurence Silberman of the D.C. Circuit Court of Appeals. 1998-1999: Law clerk for Justice Antonin Scalia of the U.S. Supreme Court. 1999-2002: Practiced law at Miller Cassidy Larroca & Lewin (later Baker Botts). 2002-2017: Faculty member at Notre Dame Law School, becoming a professor in 2010. 2017-2020: Judge on the U.S. Court of Appeals for the Seventh Circuit. 2020-present: Associate Justice of the U.S. Supreme Court.","Amy Vivian Coney Barrett (born January 28, 1972) is an American lawyer and jurist serving since 2020 as an associate justice of the Supreme Court of the United States. She is the fifth woman to serve on the court. Barrett was nominated by President Donald Trump to succeed Justice Ruth Bader Ginsburg, and her nomination was confirmed by the U.S. Senate in a 52–48 vote the following month. Her nomination was controversial due to its proximity to the 2020 presidential election. Prior to her elevation, Barrett served as a U.S. circuit judge on the U.S. Court of Appeals for the Seventh Circuit from 2017 to 2020, becoming the first woman to occupy an Indiana seat on that court.

Barrett graduated from Rhodes College in 1994 with a Bachelor of Arts in English literature, magna cum laude. She then attended Notre Dame Law School, graduating summa cum laude in 1997 and ranking first in her class. After law school, she clerked for Judge Laurence Silberman of the U.S. Court of Appeals for the D.C. Circuit (1997–1998) and then for Justice Antonin Scalia of the U.S. Supreme Court (1998–1999). She practiced law in Washington, D.C., from 1999 to 2002, during which time she provided research and briefing assistance in the case of Bush v. Gore.

In 2002, Barrett joined the faculty of Notre Dame Law School, becoming a professor of law in 2010. Her scholarship focused on constitutional law, originalism, statutory interpretation, and stare decisis. She received the ""Distinguished Professor of the Year"" award three times. While a circuit judge, she continued to teach courses at Notre Dame. In 2010, Chief Justice John Roberts appointed her to the Advisory Committee for the Federal Rules of Appellate Procedure.

Described as a protégée of Justice Antonin Scalia, Barrett supports textualism in statutory interpretation and originalism in constitutional interpretation. While generally considered part of the Court's conservative bloc, she has demonstrated a growing pattern of independence and has acted as a swing vote in some controversial cases. Her 2017 confirmation hearing for the Seventh Circuit drew significant attention when her Catholic faith was discussed, a line of questioning that was both criticized and defended by various observers.","[{""sourceName"": ""Wikipedia"", ""sourceUrl"": ""https://en.wikipedia.org/wiki/Amy_Coney_Barrett"", ""reliability"": ""high""}]",amy-coney-barrett
P042,Neil Gorsuch,尼尔·戈萨奇,1967-08-29,male,联席大法官,O037,,"Columbia University (BA, 1988), Harvard Law School (JD, 1991), and Oxford University (DPhil, 2004).","Law clerk for Judge David B. Sentelle (1991-1992). Law clerk for Justices Byron White and Anthony Kennedy (1993-1994). Private practice attorney at Kellogg, Hansen, Todd, Figel & Frederick (1995-2005). Principal deputy associate attorney general at the U.S. Department of Justice (2005-2006). Judge on the U.S. Court of Appeals for the Tenth Circuit (2006-2017). Associate Justice of the U.S. Supreme Court (2017-present).","Neil McGill Gorsuch (born August 29, 1967) is an American jurist serving as an associate justice of the Supreme Court of the United States since April 10, 2017. He was nominated by President Donald Trump on January 31, 2017. Gorsuch was born in Denver, Colorado, into a family of attorneys. His mother, Anne Gorsuch Burford, served in the Colorado House of Representatives and was appointed by President Ronald Reagan as the first woman to lead the Environmental Protection Agency. Gorsuch attended Georgetown Preparatory School in Maryland, where he was a classmate of future Justice Brett Kavanaugh. He graduated cum laude from Columbia University in 1988 with a Bachelor of Arts in history and politics, where he co-founded the satirical publication The Fed. He then earned a Juris Doctor, cum laude, from Harvard Law School in 1991, having attended on a Harry S. Truman Scholarship. As a Marshall Scholar, he later received a Doctor of Philosophy in legal philosophy from the University of Oxford in 2004; his doctoral thesis concerned the morality of assisted suicide, supervised by legal philosopher John Finnis. Gorsuch's early legal career included clerkships for Judge David B. Sentelle of the D.C. Circuit (1991–1992) and for U.S. Supreme Court Justices Byron White and Anthony Kennedy (1993–1994). He then worked in private practice from 1995 to 2005 at the law firm Kellogg, Hansen, Todd, Figel & Frederick, becoming a partner in 1998. From 2005 to 2006, he served as Principal Deputy to the Associate Attorney General at the U.S. Department of Justice, where he assisted in managing civil litigation and worked on matters related to national security and detainee policy. On May 10, 2006, President George W. Bush nominated Gorsuch to the U.S. Court of Appeals for the Tenth Circuit, where he served until his elevation to the Supreme Court. As a jurist, Gorsuch is a proponent of textualism in statutory interpretation and originalism in constitutional interpretation. Along with Justice Clarence Thomas, he is an advocate of natural law jurisprudence. On the Supreme Court, he has authored majority opinions in several landmark cases, including Bostock v. Clayton County (on LGBT rights), McGirt v. Oklahoma (on Indian law), Kennedy v. Bremerton School District (on personal religious observance), and Ramos v. Louisiana (on jury verdicts). He is the first Supreme Court justice to serve alongside a justice for whom he once clerked (Anthony Kennedy). Gorsuch married Louise Burleston, an English equestrienne he met at Oxford, in 1996.","[{""sourceName"": ""Wikipedia"", ""sourceUrl"": ""https://en.wikipedia.org/wiki/Neil_Gorsuch"", ""reliability"": ""high""}]",neil-gorsuch
P043,Jerome Powell,杰罗姆·鲍威尔,1953-02-04,male,主席,O019,,Graduated from Princeton University with a Bachelor of Arts in political science in 1975. Graduated from Georgetown University Law Center with a Juris Doctor in 1979.,"1990-1993: Served in multiple positions at the U.S. Treasury Department, becoming Under Secretary of the Treasury for Domestic Finance in 1992. 1993-1995: Managing director at Bankers Trust. 1997-2005: Partner at the Carlyle Group. 2005: Founded Severn Capital Partners. 2010-2012: Visiting scholar at the Bipartisan Policy Center. 2012-2018: Member of the Federal Reserve Board of Governors. 2018–present: Chair of the Federal Reserve.","Jerome Hayden 'Jay' Powell (born February 4, 1953) is an American investment banker and lawyer who has served as the 16th chair of the Federal Reserve since 2018. A native of Washington, D.C., he earned a Bachelor of Arts in political science from Princeton University in 1975 and a Juris Doctor from Georgetown University Law Center in 1979, where he was editor-in-chief of the Georgetown Law Journal.

After law school, Powell clerked for a federal judge and worked in private legal practice. He began a career in investment banking in 1984 at Dillon, Read & Co., rising to vice president. His first public service role began in 1990 within the United States Department of the Treasury under President George H. W. Bush. In 1992, he was appointed Under Secretary of the Treasury for Domestic Finance. In this role, he oversaw the sanctioning of Salomon Brothers and was involved in negotiations that made Warren Buffett its chairman.

Following his Treasury service, Powell returned to finance, holding senior positions at Bankers Trust and again at Dillon, Read & Co. He was a partner at the Carlyle Group from 1997 to 2005, founding its Industrial Group. He later founded the private equity firm Severn Capital Partners. From 2010 to 2012, he served as a visiting scholar at the Bipartisan Policy Center, focusing on the debt ceiling.

Powell was nominated to the Federal Reserve Board of Governors by President Barack Obama in 2011 and took office in May 2012. He was reappointed to a full 14-year term in 2014. As a governor, he built a reputation as a consensus-builder. He was a skeptic of the third round of quantitative easing but voted for it, endorsed financial regulation to address 'too big to fail' institutions, and expressed concerns about the status of Fannie Mae and Freddie Mac.

President Donald Trump nominated Powell to be Chair of the Federal Reserve in November 2017. He was confirmed by the Senate in January 2018 and assumed the role on February 5, 2018. President Joe Biden renominated him in 2021. His tenure as Chair has involved navigating the economic impact of the COVID-19 pandemic, the 2021–2023 inflation surge, and global trade instability. His initial policy included raising interest rates and quantitative tightening, which drew public criticism from President Trump. Under Powell, the Federal Reserve's monetary policies have been associated with a broad uplift in financial markets, apart from declines in 2020 and 2022, leading to a mixed public reception.","[{""sourceName"": ""Wikipedia"", ""sourceUrl"": ""https://en.wikipedia.org/wiki/Jerome_Powell"", ""reliability"": ""high""}]",jerome-powell
P044,Jamie Dimon,杰米·戴蒙,1956-03-13,male,董事长兼首席执行官,O023,Democratic Party,"Graduated from Tufts University in 1978 with a Bachelor of Arts degree in economics and psychology, summa cum laude. Graduated from Harvard Business School in 1982 with an M.B.A. as a Baker Scholar.","1978-1980: Management consultant at Management Analysis Center in Boston. 1982: Joined American Express as an assistant after graduating from Harvard Business School. 1986: Appointed Chief Financial Officer of Commercial Credit, later becoming its president. 1990-1998: Chief Operating Officer of Travelers and Smith Barney. 1998: President of Citigroup. 2000: Appointed CEO of Bank One. 2004: Became President and Chief Operating Officer of JPMorgan Chase after its merger with Bank One. 2006: Became Chairman and CEO of JPMorgan Chase.","Jamie Dimon (born March 13, 1956) is an American banker and businessman who has been the chairman and chief executive officer of JPMorgan Chase since 2006. Born in New York City and raised in Queens, Dimon is of Greek ancestry. He studied economics and psychology at Tufts University, graduating summa cum laude in 1978, and earned an M.B.A. from Harvard Business School in 1982.

Dimon began his career under the mentorship of Sandy Weill. After graduating, he joined American Express. In 1986, at age 30, he was appointed chief financial officer of Commercial Credit. He later served as chief operating officer of Travelers and Smith Barney from 1990 to 1998, becoming president of Citigroup in 1998 before departing later that year.

In March 2000, Dimon became CEO of Bank One. Following its merger with JPMorgan Chase in 2004, he became president and chief operating officer of the combined company. He was named CEO in 2005 and became chairman in 2006. Under his leadership, JPMorgan Chase became a leading U.S. bank in assets and market capitalization. He served on the board of the Federal Reserve Bank of New York in the late 2010s.

Dimon's tenure has included notable events. In 2012, JPMorgan Chase reported a trading loss of at least $2 billion from a flawed hedging strategy, an episode investigated by regulators and known as the ""London Whale."" In 2023, he testified in lawsuits accusing the bank of serving Jeffrey Epstein as a client. Professionally, he has served on the executive committee of The Business Council and as a board member and former chairman of the Business Roundtable.

Politically, Dimon donated primarily to the Democratic Party from 1989 to 2009 but later described himself as ""barely a Democrat."" He was speculated as a potential Treasury Secretary after Barack Obama's 2008 election. He had close ties to some Obama administration officials but often publicly disagreed with certain policies. In 2016, he and JPMorgan Chase supported the UK's Remain campaign against Brexit. In December 2016, he joined a business forum advising President-elect Donald Trump, which later dissolved. He supported the 2017 Tax Cuts and Jobs Act but criticized Trump's immigration and trade policies.

Dimon has been featured on Time magazine's list of the world's 100 most influential people multiple times. His compensation has been substantial, reaching $39 million in fiscal year 2024. As of December 2025, Forbes estimated his net worth at $3 billion.","[{""sourceName"": ""Wikipedia"", ""sourceUrl"": ""https://en.wikipedia.org/wiki/Jamie_Dimon"", ""reliability"": ""high""}]",jamie-dimon
P045,David Solomon,大卫·所罗门,1962-01-17,male,董事长兼首席执行官,O021,,"Attended Hamilton College, earning a Bachelor of Arts degree in political science and government. The text notes he also stated he majored in economics.","After graduating, he worked for Irving Trust, then Drexel Burnham in 1986. He later worked at Bear Stearns, leading its junk bonds division. He joined Goldman Sachs in 1999 as a partner in leveraged finance. He was joint head of the investment banking division from July 2006 to December 2016. He became president and chief operating officer in January 2017, then CEO in October 2018, and chairman in January 2019.","David Michael Solomon (born January 17, 1962) is an American investment banker. He has been the chief executive officer (CEO) of Goldman Sachs since October 2018 and its chairman since January 2019. Solomon formally succeeded Lloyd Blankfein in these roles.

Before becoming CEO, Solomon served as president and chief operating officer (COO) of Goldman Sachs from January 2017 to September 2018. Prior to that, he was the joint head of the firm's investment banking division from July 2006 to December 2016. He joined Goldman Sachs in 1999 as a partner to work with the leveraged finance team, after previously working at Irving Trust, Drexel Burnham, and Bear Stearns, where he led the junk bonds division.

During his decade leading the investment banking division, Solomon is credited with professionalizing the division and doubling its profit margins from 11% to 22%, while sales rose by 70%. He secured the initial public offering for Lululemon Athletica in 2007. After Gary Cohn's resignation in December 2016, Solomon was elevated to president and co-COO alongside Harvey Schwartz. Following Schwartz's resignation in March 2018, Solomon became the sole heir apparent to Blankfein.

As a leader, Solomon has advocated for reforming company culture, including lowering maximum work hours. He has overseen changes such as increasing pay for programmers, loosening dress codes, modernizing computer systems, and instituting video interviews. His compensation has been reported at various levels, including an $11.85 million package in 2017 and 2018, and a $27.5 million package in 2019. In 2021, his pay was reduced by 39.6% to $17.5 million for 2020 due to the bank's role in the 1MDB scandal.

Solomon is also known for his recreational work as a disc jockey and producer of electronic dance music (EDM) under the name ""DJ D-Sol."" He performs at nightclubs and festivals and founded the charitable record label Payback Records in 2018. He is a member of The Business Council in Washington, D.C.","[{""sourceName"": ""Wikipedia"", ""sourceUrl"": ""https://en.wikipedia.org/wiki/David_M._Solomon"", ""reliability"": ""high""}]",david-solomon
P046,Ted Pick,泰德·皮克,1968-10-31,male,董事长兼首席执行官,O027,,"Studied Russian history and politics at Middlebury College, followed by an MBA from Harvard Business School.",Joined Morgan Stanley as an analyst in 1990. Named managing director in 2002. Became a member of the management committee in 2008. Served as co-president from 2021 to 2023. Became CEO in January 2024 and chairman in January 2025.,"Edward Noel ""Ted"" Pick (born October 31, 1968) is an American banker and business executive. He is the chief executive officer of Morgan Stanley, a position he assumed in January 2024, and became the company's chairman in January 2025. Prior to these roles, he served as the bank's Co-President, Co-Head of Firm Strategy, and Head of the Institutional Securities Group, where he oversaw Investment Banking, Equities, Fixed Income, Global Capital Markets, and Research.

Pick was born in New York City. His early childhood was spent in Caracas, Venezuela, before his family returned to the United States. He studied Russian history and politics at Middlebury College and later earned an MBA from Harvard Business School.

He began his career at Morgan Stanley as an analyst in 1990 after completing his undergraduate studies and returned to the firm after his MBA. His entry was facilitated through a connection related to former Morgan Stanley chair S. Parker Gilbert. Pick was named a managing director in 2002. By 2005, he was in charge of a division and was involved in capital-raising activities during the 2008 financial crisis. He became a member of the firm's management committee in 2008.

From 2009 to 2015, Pick was involved in global equities trading, a period during which Morgan Stanley surpassed Goldman Sachs as the leading equities business. He was credited as instrumental in this achievement. He subsequently took on the task of rejuvenating Morgan Stanley's fixed-income business, which involved reducing its workforce by 25% and addressing revenue concerns. He later held the position of global head of sales and trading and has held various other roles, including managing director and head of equity capital markets.

Pick served as co-president of Morgan Stanley from 2021 to 2023 before ascending to the roles of CEO and chairman. He is a member of The Business Council.

In his personal life, Pick married Betsey Kittenplan in 2000, and they have two daughters. He lives in New York's Upper East Side and maintains a vacation home in Martha's Vineyard. He is a Trustee at the Metropolitan Museum of Art and enjoys math problems.","[{""sourceName"": ""Wikipedia"", ""sourceUrl"": ""https://en.wikipedia.org/wiki/Ted_Pick"", ""reliability"": ""high""}]",ted-pick
P047,Brian Moynihan,布莱恩·莫伊尼汉,,male,董事会主席兼首席执行官,O007,,Graduated from Brown University in 1981 with a history major. Earned a Juris Doctor from the University of Notre Dame Law School.,"Joined Fleet Boston bank as deputy general counsel in April 1993. Served as executive vice president managing Fleet's brokerage and wealth management division from 1999 to April 2004. After Bank of America merged with FleetBoston in 2004, he joined BofA as president of global wealth and investment management. Became CEO of Merrill Lynch after its sale to BofA in September 2008. Was promoted to chairman, president, and CEO of Bank of America in 2010.","Brian Thomas Moynihan is an American lawyer and banker. He is the chairman, president, and chief executive officer of Bank of America, having been promoted to these positions in 2010. Moynihan was born in Marietta, Ohio, into a Catholic family of Irish descent. He graduated from Brown University in 1981 with a degree in history, where he co-captained the rugby team. He later earned a Juris Doctor from the University of Notre Dame Law School and began his career as a lawyer at the firm Edwards & Angell LLP in Providence, Rhode Island.

Moynihan's banking career began when he joined FleetBoston bank in 1993 as a deputy general counsel. He rose to become an executive vice president, managing Fleet's brokerage and wealth management division. Following Bank of America's merger with FleetBoston Financial in 2004, he joined Bank of America as president of global wealth and investment management. In January 2009, he became president of consumer and small business banking. After the sale of Merrill Lynch to Bank of America in 2008, he was named its CEO, and he succeeded Ken Lewis as CEO of Bank of America in 2010.

His tenure as CEO has included notable events. In 2011, he secured a $5 billion investment from Warren Buffett, a move that drew market scrutiny. That same year, he reversed a plan to charge a $5 monthly fee for debit card users after significant customer backlash. His leadership has also faced criticism. During the 2012 shareholder meeting, he addressed complaints about the bank's mortgage servicing operations and declining share price. That year, Senator Bernie Sanders criticized Bank of America in a report on corporate tax avoidance, noting the bank paid no federal income tax in 2010 and received a tax refund. In 2025, he was publicly rebuked by former President Donald Trump for the bank's client policies, to which Moynihan responded that the bank serves ""everybody."" He later spoke against the ""over-regulation"" of banks.

Moynihan holds several external board positions. He is a member of the Council on Competitiveness board and the Partnership for Rhode Island board. He is also a fellow at Brown University and became the Chancellor of the university in July 2024. Additionally, he is a member of The Business Council, the Business Roundtable, and sits on the steering committee of the Council for Inclusive Capitalism. In 2020, he received Chief Executive magazine's peer-selected ""CEO Of The Year"" award. In 2023, he was honored as a ""Distinguished Bostonian"" by the Greater Boston Chamber of Commerce.

In his personal life, Moynihan lives in Wellesley, Massachusetts, with his wife, Susan, and their three children. He commutes between Boston and Bank of America's headquarters in Charlotte, North Carolina, using company private jets, a practice he has defended as necessary for his role.","[{""sourceName"": ""Wikipedia"", ""sourceUrl"": ""https://en.wikipedia.org/wiki/Brian_Moynihan"", ""reliability"": ""high""}]",brian-moynihan
P048,Jane Fraser,简·弗雷泽,1967-07-13,female,董事会主席兼首席执行官,O014,,"Graduated with a BA (later MA) in economics from Girton College, Cambridge in 1988. Earned an MBA from Harvard Business School in 1994.","July 1988 - July 1990: Mergers and acquisitions analyst at Goldman Sachs, London. August 1990 - June 1992: Brokerage associate for Asesores Bursátiles, Madrid. 1994 - 2004: Worked at McKinsey & Company, rising to partner. July 2004: Joined Citigroup as Head of Client Strategy. October 2007 - May 2009: Global Head of Strategy and Mergers and Acquisitions at Citigroup. June 2009: Became CEO of Citi Private Bank. May 2013: Appointed CEO of CitiMortgage. March 2014: Promoted to CEO of US Consumer and Commercial Banking. April 2015: Named CEO of Citigroup Latin America. October 2019: Appointed President of Citigroup and Head of Global Consumer Banking. February 2021: Became CEO of Citigroup. October 2025: Elected Chair of the board of directors of Citigroup.","Jane Fraser (born 13 July 1967) is a British-American banking executive. She is the chief executive officer (CEO) and chair of Citigroup, positions she has held since March 2021 and October 2025, respectively. Educated at Girton College, Cambridge, where she earned a degree in economics, and Harvard Business School, where she earned an MBA, Fraser began her career as a mergers and acquisitions analyst at Goldman Sachs in London. She later worked for a securities broker in Madrid before joining McKinsey & Company in 1994. At McKinsey, she rose to partner, co-authored the book 'Race for the World: Strategies to Build a Great Global Firm', and her work there led to an invitation to join Citigroup in 2004.

Fraser joined Citigroup as Head of Client Strategy in its investment and global banking division. She was promoted to Global Head of Strategy and Mergers and Acquisitions in 2007, a role she held during the 2008 financial crisis, working on the bank's restructuring. In 2009, she became CEO of Citi Private Bank, returning it to profitability. Subsequent leadership roles included CEO of CitiMortgage (2013), CEO of US Consumer and Commercial Banking (2014), and CEO of Citigroup Latin America (2015), where she oversaw operations in 24 countries. In October 2019, she was appointed President of Citigroup and Head of Global Consumer Banking.

In September 2020, Citigroup announced Fraser would succeed Michael Corbat as CEO, making her the first woman to head a major U.S. bank upon her assumption of the role in February 2021. Her tenure has included instituting flexible work policies and leading strategic reviews, including discussions on a potential public listing for Banamex in Mexico. In October 2025, she was elected Chair of Citigroup's board of directors.

Fraser has been recognized on Fortune's 'Most Powerful Women in Business' list multiple times, named the 'Number 1 Woman to Watch' by American Banker in 2014 and 2015, and ranked by Forbes as the eighth most powerful woman in the world in 2025. She serves as a member of the President's Export Council and holds memberships in several organizations, including the Council on Foreign Relations and the Economic Club of New York. Fraser is married with two sons and became a U.S. citizen in 2001.","[{""sourceName"": ""Wikipedia"", ""sourceUrl"": ""https://en.wikipedia.org/wiki/Jane_Fraser_(executive)"", ""reliability"": ""high""}]",jane-fraser
P049,Charlie Scharf,查理·沙夫,1965-04-24,male,首席执行官,O050,,Received a BA from Johns Hopkins University in 1987. Earned an Executive MBA from New York University Stern School of Business in 1991.,1987: Hired for a back-office job at Commercial Credit. 1995-1999: CFO of Salomon Smith Barney. 1999-2000: CFO of Citigroup's global corporate and investment bank division. 2000-2002: CFO of Bank One. 2002-2004: CEO of Bank One's retail division. 2004-2011: CEO of JPMorgan Chase's retail financial services business. 2011-2012: Managing director of One Equity Partners. 2012-2016: CEO of Visa Inc. 2017-2019: CEO of Bank of New York Mellon (BNY). 2019-present: President and CEO of Wells Fargo (Chairman from October 2025).,"Charles W. Scharf (born April 24, 1965) is an American business executive. He is the chairman and chief executive officer (CEO) of Wells Fargo, having become CEO in October 2019 and chairman in October 2025. Scharf was born in New York City and grew up in Westfield, New Jersey. He earned a BA from Johns Hopkins University in 1987 and an Executive MBA from New York University Stern School of Business in 1991.

Scharf's career in finance began in 1987 with an introduction to Jamie Dimon, who hired him at Commercial Credit. His career progressed through various roles at companies associated with Dimon and Sandy Weill, including Primerica, Smith Barney, Salomon Brothers, Travelers, Citigroup, Bank One, and JPMorgan Chase. He served as CFO of Salomon Smith Barney from 1995 to 1999 and later as CFO of Citigroup's global corporate and investment bank division from 1999 to 2000. At Bank One, he was CFO from 2000 to 2002 and CEO of its retail division from 2002 to 2004. Following Bank One's merger with JPMorgan Chase, he was chief executive of JPMorgan Chase's retail financial services business from 2004 to 2011, where he orchestrated the acquisition and integration of Washington Mutual in 2008. He was a managing director of One Equity Partners from 2011 to November 2012.

Scharf served as CEO of Visa Inc. from November 2012 until his resignation in December 2016. He was CEO of Bank of New York Mellon (BNY) from July 2017 to September 2019 and its chairman from January 2018 to September 2019.

As CEO of Wells Fargo, Scharf was tasked with leading the bank's cleanup and turnaround efforts. This included appointing new executives, committing to major cost cuts, exiting unprofitable businesses, and reworking risk management and controls. His efforts were credited by analysts as instrumental in the Federal Reserve's decision to lift a punitive asset cap on the bank in June 2025. In 2024, his total compensation from Wells Fargo was $31.2 million.

Beyond his corporate roles, Scharf served on the President’s Advisory Council on Financial Capability for Young Americans under President Barack Obama. He serves on the board of directors of Microsoft, is a member of The Business Council, vice chair of the Bank Policy Institute, and an emeritus trustee of Johns Hopkins University.

Scharf is married to Amy and they have two daughters. They live in New York.","[{""sourceName"": ""Wikipedia"", ""sourceUrl"": ""https://en.wikipedia.org/wiki/Charles_Scharf"", ""reliability"": ""high""}]",charlie-scharf
P050,Larry Fink,拉里·芬克,1952-11-02,male,董事长兼首席执行官,O008,Democratic Party,Earned a BA in political science from UCLA in 1974 and an MBA in real estate from the UCLA Anderson School of Management in 1976.,"1976: Started career at First Boston investment bank, eventually managing its bond department and co-heading the Taxable Fixed Income Division. 1988: Co-founded BlackRock under The Blackstone Group, becoming its Director and CEO. 1994: Retained Director and CEO positions after BlackRock split from Blackstone. 1998: Became Chairman of BlackRock after it became independent. 1999: Led BlackRock through its initial public offering.","Laurence Douglas ""Larry"" Fink (born November 2, 1952) is an American billionaire businessman, co-founder, chairman, and chief executive officer of BlackRock, the world's largest money-management firm with over US$10 trillion in assets under management. Born in Van Nuys, California, to a Jewish family, he earned a BA in political science in 1974 and an MBA in real estate in 1976, both from UCLA.

Fink began his career in 1976 at the investment bank First Boston, where he became a pioneering mortgage-backed securities trader and managed the bond department. A significant trading loss in 1986 influenced his focus on risk management. In 1988, under The Blackstone Group's umbrella, he co-founded BlackRock, serving as its director and CEO. He retained these roles when BlackRock split from Blackstone in 1994, becoming chairman in 1998 after the firm's independence. BlackRock went public in 1999.

In the 21st century, Fink oversaw BlackRock's expansion, including the 2006 merger with Merrill Lynch Investment Managers, which doubled its assets, and the 2009 acquisition of Barclays Global Investors, cementing its position as the global leader. The U.S. government contracted BlackRock to aid recovery after the 2008 financial crisis, leading to close relationships with officials. Fink has been a regular commentator on CNBC. In 2025, Time magazine listed him as one of the world's 100 most influential people, and he serves as Co-Chairman of the World Economic Forum.

Fink is noted for his annual open letters to CEOs, advocating for corporate social responsibility, environmental sustainability, and addressing climate change as a core investment consideration. He has called on companies to improve their environmental impact, community relations, and workforce diversity. However, his and BlackRock's actions have drawn scrutiny and criticism, including being named a top US ""climate villain"" in 2022 due to profiting from deforestation and investments in fossil fuel infrastructure.

His community involvement includes board positions at New York University (where he chairs the Financial Affairs Committee), the NYU Langone Medical Center, the Boys and Girls Club of New York, and the Robin Hood Foundation. He founded the Lori and Laurence Fink Center for Finance & Investments at UCLA Anderson. Fink joined a business forum for President-elect Donald Trump in 2016. Personally, he has been married to Lori Weider since 1974, has three children, and is a lifelong supporter of the Democratic Party. His net worth was estimated at US$1.2 billion in April 2024.","[{""sourceName"": ""Wikipedia"", ""sourceUrl"": ""https://en.wikipedia.org/wiki/Larry_Fink"", ""reliability"": ""high""}]",larry-fink
P051,Elon Musk,埃隆·马斯克,1971-06-28,male,CEO / 创始人,,,Received bachelor's degrees in 1997 from the University of Pennsylvania.,"1995: Co-founded the software company Zip2. 1999: Co-founded the online payment company X.com, which later became PayPal. 2002: Founded SpaceX, becoming its CEO and chief engineer. 2004: Joined Tesla as an early investor, later becoming CEO and product architect in 2008. 2015: Co-founded OpenAI. 2016: Co-founded Neuralink. 2017: Founded the Boring Company. 2022: Acquired Twitter (rebranded to X in 2023). 2025: Served as Senior Advisor to the President and de facto head of the Department of Government Efficiency (DOGE) before leaving the administration.","Elon Reeve Musk (born June 28, 1971) is a businessman and entrepreneur. He was born into a wealthy family in Pretoria, South Africa, and holds South African and Canadian citizenship from birth. He emigrated to Canada in 1989. Musk received bachelor's degrees from the University of Pennsylvania in the United States in 1997. He became an American citizen in 2002. Musk is known for his leadership of several major companies. His business career began in 1995 when he co-founded the software company Zip2. After its sale in 1999, he co-founded the online payment company X.com, which later merged to form PayPal and was acquired by eBay in 2002. In 2002, he founded the space technology company SpaceX, where he serves as CEO and chief engineer. Musk joined the automaker Tesla as an early investor in 2004 and became its CEO and product architect in 2008. In 2015, he co-founded OpenAI but later left, subsequently establishing the artificial intelligence company xAI. In 2022, he acquired the social network Twitter, rebranding it as X in 2023. His other ventures include co-founding the neurotechnology company Neuralink in 2016 and founding the tunneling company the Boring Company in 2017. As of December 2025, Forbes estimates his net worth to be around US$717 billion, and he has been the wealthiest person in the world since 2021. In November 2025, a Tesla pay package worth $1 trillion for Musk was approved, to be received over 10 years if specific goals are met. Musk's political involvement became prominent when he served as the largest donor in the 2024 U.S. presidential election, supporting Donald Trump. Following Trump's inauguration in early 2025, Musk served as Senior Advisor to the President and as the de facto head of the Department of Government Efficiency (DOGE). However, after a public feud with Trump, Musk left the Trump administration and returned to managing his companies. Musk is a supporter of global far-right figures, causes, and political parties. His political activities, views, and statements have made him a polarizing figure. He has been criticized for promoting COVID-19 misinformation, conspiracy theories, and affirming antisemitic, racist, and transphobic comments. His acquisition of Twitter was controversial due to a subsequent increase in hate speech and misinformation following his pledge to decrease censorship. His role in the second Trump administration, particularly in the DOGE, attracted public backlash.","[{""sourceName"": ""Wikipedia"", ""sourceUrl"": ""https://en.wikipedia.org/wiki/Elon_Musk"", ""reliability"": ""high""}]",elon-musk
P052,Jensen Huang,黄仁勋,1963-02-17,male,首席执行官,O030,,Earned a Bachelor of Science (BS) from Oregon State University in 1984 and a Master of Science (MS) in electrical engineering from Stanford University in 1992.,"After graduating college, he worked as a microchip designer at Advanced Micro Devices (AMD). He then left AMD to become a technical officer at LSI Logic, where he was later promoted to director of its CoreWare division. In 1993, he co-founded Nvidia and has served as its president and CEO since its founding.","Jen-Hsun Huang, commonly anglicized as Jensen Huang, is a Taiwanese and American business executive, electrical engineer, and philanthropist. He was born on February 17, 1963, in Taipei, Taiwan, and moved to Tainan as a child. His parents were Huang Hsing-tai, a chemical engineer, and Lo Tsai-hsiu, a schoolteacher. The family relocated to Thailand when he was five, where he attended Ruamrudee International School in Bangkok. At age nine, he and his older brother were sent to the United States, initially living with an uncle in Tacoma, Washington. They were mistakenly enrolled in the Oneida Baptist Institute, a religious reform academy in Kentucky, where Huang attended Oneida Elementary school. After two years, his parents moved to Beaverton, Oregon, and he attended Aloha High School in Aloha, Oregon, graduating at age 16. He worked at a Denny's restaurant from 1978 to 1983. Huang earned a Bachelor of Science in electrical engineering from Oregon State University in 1984 and later a Master of Science in electrical engineering from Stanford University in 1992 while working in Silicon Valley.

Huang began his career as a microchip designer at Advanced Micro Devices (AMD). He later moved to LSI Logic as a technical officer, working on a contract with Sun Microsystems. There, he collaborated with engineers Chris Malachowsky and Curtis Priem on the GX graphics engine, a successful graphics accelerator card. Huang was promoted to director of LSI's CoreWare division.

In 1993, Huang co-founded Nvidia Corporation with Malachowsky and Priem. The company was conceived during meetings at a Denny's diner in East San Jose. Huang signed the articles of incorporation on April 5, 1993, and became the company's president and chief executive officer from its first day of operation, securing initial funding from venture capitalists including Don Valentine of Sequoia Capital. He has remained president and CEO since its founding, leading the company from near-bankruptcy in the 1990s into GPU production, high-performance computing, and artificial intelligence (AI). Under his leadership, Nvidia experienced rapid growth during the AI boom, becoming the world's largest company by market capitalization and the first to reach a market capitalization of over $5 trillion in October 2025. As of January 2026, Forbes estimated his net worth at US$164.1 billion.

Huang has received numerous accolades. Time magazine included him in their Time 100 list of the most influential people in 2021 and 2024, and in 2025 named him one of the ""Architects of AI"" for Time's Person of the Year. He is married to Lori Huang (since 1985).","[{""sourceName"": ""Wikipedia"", ""sourceUrl"": ""https://en.wikipedia.org/wiki/Jensen_Huang"", ""reliability"": ""high""}]",jensen-huang
P053,Tim Cook,蒂姆·库克,1960-11-01,male,首席执行官,O006,,Received a Bachelor of Science in industrial engineering from Auburn University in 1982 and a Master of Business Administration from Duke University in 1988.,"After graduating in 1982, Cook spent twelve years at IBM's personal computer business, ultimately as director of North American fulfillment. He later became COO of the computer reseller division of Intelligent Electronics, and in 1997 became vice president for corporate materials at Compaq. He joined Apple in March 1998 as a senior vice president for worldwide operations, later serving as vice president for worldwide sales and operations and then as COO. He was appointed CEO of Apple on August 24, 2011. Outside Apple, he has sat on the board of directors of Nike since 2005.",,"[{""sourceName"": ""Wikipedia"", ""sourceUrl"": ""https://en.wikipedia.org/wiki/Tim_Cook"", ""reliability"": ""high""}]",tim-cook
P054,Satya Nadella,萨提亚·纳德拉,1967-08-19,male,董事长兼首席执行官,O026,,"Bachelor's degree in electrical engineering from Manipal Institute of Technology (1988), MS in computer science from University of Wisconsin–Milwaukee (1990), and MBA from University of Chicago Booth School of Business (1997).",Worked at Sun Microsystems as a member of its technology staff (before 1992). Joined Microsoft in 1992. Served as executive vice president of Microsoft's cloud and enterprise group. Succeeded Steve Ballmer as Chief Executive Officer (CEO) of Microsoft in 2014. Succeeded John W. Thompson as Chairman of Microsoft in 2021.,"Satya Narayana Nadella (born 19 August 1967) is an Indian-American business executive. He is the chairman and chief executive officer (CEO) of Microsoft, having succeeded Steve Ballmer as CEO in 2014 and John W. Thompson as chairman in 2021. Prior to becoming CEO, he served as the executive vice president of Microsoft's cloud and enterprise group, responsible for the company's computing platforms.

Nadella was born in Hyderabad, India, into a Telugu Hindu family. His father, Bukkapuram Nadella Yugandhar, was an Indian Administrative Service officer, and his mother, Prabhavati, was a Sanskrit lecturer. He attended the Hyderabad Public School, Begumpet, before earning a bachelor's degree in electrical engineering from the Manipal Institute of Technology in 1988. He then moved to the United States, receiving a Master of Science in computer science from the University of Wisconsin–Milwaukee in 1990. He later earned an MBA from the University of Chicago Booth School of Business in 1997.

His career began at Sun Microsystems as a member of its technology staff. He joined Microsoft in 1992. Beyond his role at Microsoft, Nadella has held several board positions, including on the Board of Directors of Starbucks (2017–2024), the Board of Trustees of the Fred Hutchinson Cancer Center, and the Board of Trustees of the University of Chicago. He served as Chairman of The Business Council from 2021 to 2022.

Nadella has received significant recognition. He was a Time 100 honoree in 2018 and 2024, named Financial Times Person of the Year and Fortune Magazine Businessperson of the Year in 2019. He received the CNN-News18 Indian of the Year award in 2014 and was recognized as a Global Indian Business Icon at the CNBC-TV18 India Business Leader Awards in 2020. The Government of India awarded him the Pravasi Bharatiya Samman in 2015 and the Padma Bhushan, its third-highest civilian award, in 2022. He also received an honorary PhD from the Georgia Institute of Technology in 2024.

In his personal life, Nadella married Anupama Priyadarshini in 1992. The couple has three children, a son (deceased) and two daughters, and resides in Clyde Hill and Bellevue, Washington. His son Zain, who had cerebral palsy, was a legally blind quadriplegic and died in February 2022 at age 26. Nadella is an avid reader of American and Indian poetry and enjoys cricket, having played on his school team. He and his wife are part of the ownership group of the Seattle Sounders FC, a Major League Soccer club. In 2017, he published a book titled *Hit Refresh: The Quest to Rediscover Microsoft's Soul and Imagine a Better Future for Everyone*.","[{""sourceName"": ""Wikipedia"", ""sourceUrl"": ""https://en.wikipedia.org/wiki/Satya_Nadella"", ""reliability"": ""high""}]",satya-nadella
P055,Sundar Pichai,桑达尔·皮查伊,1972-06-10,male,首席执行官,O002,,"Earned a B.Tech in metallurgical engineering from IIT Kharagpur, an MS from Stanford University in materials science and engineering, and an MBA from the Wharton School of the University of Pennsylvania.","Began career as a materials engineer. Worked in engineering and product management at Applied Materials and in management consulting at McKinsey & Company. Joined Google in 2004, leading product management for Chrome, ChromeOS, and Google Drive, later overseeing Gmail and Google Maps. Appointed CEO of Google on August 10, 2015, stepping into the position on October 24, 2015. Became CEO of Alphabet Inc. in December 2019.","Sundar Pichai, born Sundararajan Pichai on June 10, 1972, in Madurai, Tamil Nadu, India, is an Indian-American business executive. He is the chief executive officer (CEO) of Alphabet Inc. and its subsidiary Google, a role he has held since 2015. Pichai completed his schooling in Chennai and earned a B.Tech in metallurgical engineering from IIT Kharagpur. He holds an MS from Stanford University in materials science and engineering and an MBA from the Wharton School of the University of Pennsylvania.

Pichai began his career as a materials engineer and worked in product management at Applied Materials and in management consulting at McKinsey & Company. He joined Google in 2004, where he led product management and innovation for a suite of Google's client software products. He was largely responsible for Google Chrome, ChromeOS, and Google Drive, and later oversaw the development of applications such as Gmail and Google Maps. On March 13, 2013, Pichai added Android to the list of Google products he oversaw.

On August 10, 2015, Pichai was selected to become the next CEO of Google, after previously being appointed chief product officer by then-CEO Larry Page. He stepped into the position on October 24, 2015, following the formation of Alphabet Inc., the new holding company for Google. He was appointed to the Alphabet Board of Directors in 2017. In December 2019, Pichai became the CEO of Alphabet Inc. His compensation from the company topped $200 million in 2022.

Pichai's tenure has included several notable events. In August 2017, he drew publicity for firing a Google employee who wrote a manifesto criticizing the company's diversity policies. On December 11, 2018, he was questioned by the United States House Judiciary Committee on issues including possible political bias, plans for a search app in China, and privacy practices. In April 2024, after employees were fired for protesting against Project Nimbus, Pichai stated that the office is not a place to fight over disruptive issues or debate politics.

Pichai has received significant recognition. He was included in Time magazine's annual list of the 100 most influential people in 2016 and 2020, and the Time 100 AI list in 2024. He was awarded the 2021 Asia Game Changer Award by the Asia Society. In 2022, he received the Padma Bhushan, India's third-highest civilian award, from the Government of India in the category of Trade and Industry. As of May 2025, his net worth is estimated at $1.1 billion.

In his personal life, Pichai is married to Anjali Pichai (née Haryani), whom he met while studying at IIT Kharagpur. They have two children. His recreational interests include cricket and soccer, and he lives in Los Altos Hills, California.","[{""sourceName"": ""Wikipedia"", ""sourceUrl"": ""https://en.wikipedia.org/wiki/Sundar_Pichai"", ""reliability"": ""high""}]",sundar-pichai
P056,Mark Zuckerberg,马克·扎克伯格,1984-05-14,male,首席执行官,O025,,"Briefly attended Harvard College, studying psychology and computer science, but dropped out in his second year. Previously attended Phillips Exeter Academy.",Co-founded Facebook (later Meta Platforms) in February 2004 while at Harvard. Dropped out of Harvard in his second year to focus on the company. Became the world's youngest self-made billionaire in 2008. Took Facebook public in May 2012. Serves as chairman and CEO of Meta Platforms and is co-founder and co-CEO of the Chan Zuckerberg Initiative.,"Mark Elliot Zuckerberg (born May 14, 1984) is an American businessman and programmer. He is the co-founder, chairman, and chief executive officer (CEO) of Meta Platforms, the parent company of the social media service Facebook, which he also co-founded. Zuckerberg co-founded and serves as co-CEO of the Chan Zuckerberg Initiative. He briefly attended Harvard College, where he launched Facebook in February 2004 with his roommates Eduardo Saverin, Andrew McCollum, Dustin Moskovitz, and Chris Hughes. He dropped out of Harvard in his second year to focus on the company. Zuckerberg took Facebook public in May 2012, retaining majority shares. In 2008, at age 23, he became the world's youngest self-made billionaire and has consistently ranked among the world's wealthiest individuals, with an estimated net worth of US$220 billion as of December 2025. His early career, legal troubles, and initial success were depicted in the 2010 film The Social Network, which won multiple Academy Awards. Zuckerberg's prominence has prompted significant political and legal attention. He has been the subject of multiple lawsuits regarding the creation and ownership of Facebook, as well as issues concerning user privacy. In 2012, he met with then-Russian Prime Minister Dmitry Medvedev in Moscow to discuss stimulating social media innovation in Russia and boosting Facebook's position there. He has also hosted visiting Chinese politician Lu Wei. Zuckerberg has used his funds to organize large donations, including establishing the Chan Zuckerberg Initiative. He was added to MIT Technology Review's TR35 list in 2007 as one of the top 35 innovators under 35. Vanity Fair named him number one on its 2010 list of the most influential people of the Information Age. At the 2013 TechCrunch Disrupt conference, he discussed the Internet.org project, aiming to increase global internet access. He was the keynote speaker at the 2014 Mobile World Congress, emphasizing mobile technology's importance for Facebook's future.","[{""sourceName"": ""Wikipedia"", ""sourceUrl"": ""https://en.wikipedia.org/wiki/Mark_Zuckerberg"", ""reliability"": ""high""}]",mark-zuckerberg
P057,Andy Jassy,安迪·贾西,1968-01-13,male,总裁兼首席执行官,O003,,Graduated cum laude from Harvard College in government and earned an MBA from Harvard Business School.,Joined Amazon as a marketing manager in 1997. Became SVP and CEO of Amazon Web Services from 2003 to 2021. Promoted to President and Chief Executive Officer of Amazon in July 2021.,"Andrew R. Jassy (born January 13, 1968) is an American business executive. He is the president and chief executive officer of Amazon, a role he assumed in July 2021, succeeding founder Jeff Bezos. Jassy was previously the senior vice president and chief executive officer of Amazon Web Services (AWS) from 2003 to 2021.

Jassy was born to Margery and Everett L. Jassy in Scarsdale, New York, and is of Jewish Hungarian ancestry. His father was a senior partner at the law firm Dewey Ballantine. Jassy attended Scarsdale High School, where he played varsity soccer and tennis. He graduated cum laude from Harvard College with a degree in government, serving as advertising manager for The Harvard Crimson, and later earned an MBA from Harvard Business School.

After graduation, Jassy worked as a project manager for the collectibles company MBI and co-founded a short-lived company before joining Amazon as a marketing manager in 1997. In 2003, he and Jeff Bezos conceived the idea for Amazon Web Services, the cloud computing platform that launched in 2006. Jassy led the initial AWS team of 57 people. He was promoted to CEO of AWS in 2016. In 2017, he was elected to the American Academy of Arts and Sciences. From 2018 to 2021, he served as a member of the National Security Commission on Artificial Intelligence (NSCAI).

Upon becoming CEO of Amazon in 2021, Jassy received a long-term compensation package valued at $212.7 million, largely in stock. As of 2024, he has emphasized Amazon's strategic focus on artificial intelligence, with plans for significant capital expenditure directed towards AWS and generative AI. In 2025, Time magazine included him in its TIME100 AI list, and he was elected to the National Academy of Engineering. He has also been recognized as Person of the Year by the Financial Times in 2016.

Jassy married fashion designer Elana Rochelle Caplan in 1997. They have two children and reside in Seattle's Capitol Hill neighborhood. He is the chairman of Rainier Prep, a charter school in Seattle, and is a member of The Business Council.","[{""sourceName"": ""Wikipedia"", ""sourceUrl"": ""https://en.wikipedia.org/wiki/Andy_Jassy"", ""reliability"": ""high""}]",andy-jassy
P058,Sam Altman,山姆·奥特曼,1985-04-22,male,首席执行官,O032,Democratic Party,"Attended Stanford University for two years studying computer science, but dropped out in 2005 without earning a degree.",2005: Co-founded and served as CEO of Loopt. 2011: Became a partner at Y Combinator. 2014-2019: Served as President of Y Combinator (later YC Group). 2019-present: Serves as CEO of OpenAI (with a brief ouster and reinstatement in November 2023). Also served as Chairman of Helion Energy and Oklo (stepping down from Oklo in April 2025).,"Samuel Harris Altman (born April 22, 1985) is an American businessman and entrepreneur. He has served as the chief executive officer (CEO) of the artificial intelligence research organization OpenAI since 2019. He is widely considered a leading figure of the AI boom, having overseen the successful launch of ChatGPT in 2022. In 2025, he was named among the ""Architects of AI"" for Time's Person of the Year.

Altman was born in Chicago, Illinois, to a Jewish family and grew up in Clayton, Missouri. He received his first computer at age eight and attended John Burroughs School. He studied computer science at Stanford University for two years before dropping out in 2005.

His business career began in 2005 when he co-founded Loopt, a location-based social networking app, serving as its CEO and raising over $30 million in venture capital. The company was acquired in 2012. In 2011, Altman joined the startup accelerator Y Combinator (YC), becoming its president in 2014 and later president of YC Group in 2016. He aimed to expand YC's funding scope, particularly for ""hard technology"" startups. His relationship with YC ended in early 2020.

As an investor, Altman co-founded Hydrazine Capital in 2012. His investment portfolio includes stakes in over 400 companies. He is also chairman of the board for the nuclear fusion company Helion Energy and was chairman of Oklo Inc., a clean energy company, until stepping down in April 2025 to avoid potential conflicts of interest with OpenAI.

His tenure at OpenAI has been marked by significant turmoil. In November 2023, OpenAI's board removed him as CEO, citing a lack of confidence and inconsistent candor. This triggered a strong backlash from employees and investors. After five days of negotiations and a threatened mass exodus of staff to Microsoft, Altman was reinstated as CEO with a new board.

Politically, Altman contemplated running for governor of California in 2018 but decided against it. In 2018, he announced ""the United Slate,"" a political project focused on housing and healthcare policy. He has held fundraisers for Democratic candidates, including Andrew Yang, and donated to a super PAC supporting Joe Biden. Altman supports land value taxation and universal basic income.","[{""sourceName"": ""Wikipedia"", ""sourceUrl"": ""https://en.wikipedia.org/wiki/Sam_Altman"", ""reliability"": ""high""}]",sam-altman
P059,Darren Woods,达伦·伍兹,1965-12-16,male,董事长兼首席执行官,O018,,"He earned a bachelor's degree in electrical engineering from Texas A&M University, followed by an MBA from Northwestern University's Kellogg School of Management.","Joined Exxon in 1992. Prior to becoming CEO, ran the refining and chemical divisions of ExxonMobil. Became CEO and chairman of ExxonMobil in January 2017.","Darren Wayne Woods (born December 16, 1965) is an American businessman who has been the chairman and chief executive officer (CEO) of ExxonMobil since January 2017. He was born in Wichita, Kansas, and spent much of his youth living near various U.S. military bases worldwide due to his father's work. Woods earned a bachelor's degree in electrical engineering from Texas A&M University and an MBA from Northwestern University's Kellogg School of Management.

Woods joined Exxon in 1992. He worked for the company for 24 years before being promoted to CEO following Rex Tillerson's nomination as U.S. Secretary of State. Prior to becoming CEO, Woods ran the company's refining and chemical divisions, which delivered the majority of ExxonMobil's net income in 2016. Unlike his predecessor, who focused on deal-making and exploration, Woods is a veteran of the refining side of the oil business.

Upon becoming CEO, Woods outlined a growth plan focusing on drilling in the Permian Basin and the Bakken shale formation. He has publicly endorsed the Paris Agreement and, in 2017, urged President Trump to keep the U.S. in the accord, arguing it would allow the U.S. to ensure a level playing field. Woods has stated that technologies like horizontal drilling and hydraulic fracturing have ""shattered the Peak Oil myth.""

His tenure has involved significant focus on climate and emissions. In 2020, reports indicated Exxon, under an investment plan signed by Woods, was set to significantly increase its annual carbon emissions, though the company stated internal projections had changed. In 2021, he was named a top ""climate villain"" by The Guardian after lobbyists revealed efforts to obstruct climate legislation. That same year, he denied that Exxon covered up its own climate research and declined to stop lobbying against climate initiatives.

Woods has presented a long-term strategy involving investment in carbon capture and storage (CCS) and direct air capture (DAC) technology, while also calling for a higher carbon price. In 2024, he noted DAC technology remained costly and needed to become cheaper to scale. He has stated that company investments in CCS and DAC could change if related tax credits are repealed. In 2023, his compensation was $31 million, rising to $44.1 million in 2024. Woods is a member of The Business Council.","[{""sourceName"": ""Wikipedia"", ""sourceUrl"": ""https://en.wikipedia.org/wiki/Darren_Woods"", ""reliability"": ""high""}]",darren-woods
P060,Mike Wirth,迈克·沃思,1960-10-15,male,董事长兼首席执行官,O013,,"Attended the University of Colorado, earning a bachelor's degree in chemical engineering in 1982.","1982: Joined Chevron as a design engineer. 2001: Became president of marketing for Chevron's Asia, Africa and Middle East region. Later served as vice chairman of Chevron. 2018: Became chairman and CEO of Chevron.","Michael K. Wirth (born October 15, 1960) is an American businessman. He has been the chairman and chief executive officer of Chevron Corporation since 2018, having previously served as the company's vice chairman. Wirth earned a bachelor's degree in chemical engineering from the University of Colorado in 1982, where he also played football and basketball. He joined Chevron as a design engineer in 1982 and worked in multiple sectors including engineering, construction, and operations. In 2001, he became president of marketing for Chevron's Asia, Africa, and Middle East region. He has served on the board of directors for Caltex Australia and GS Caltex. Wirth succeeded John S. Watson as CEO of Chevron in 2018. He is a member of the board of the American Petroleum Institute, an oil industry trade group. Under his leadership, Chevron has been cited as responsible for one of the highest total carbon sequestration efforts of any private company worldwide. However, the company has also been involved in several greenwashing tactics and was found by the Federal Trade Commission to have misled customers about its efforts to reduce greenhouse gas emissions. In response to questions about investing in alternative energy, Wirth stated Chevron would rather return money to shareholders for them to invest elsewhere. In November 2025, he attended a White House dinner for Saudi Crown Prince Mohammed bin Salman. Personally, Wirth and his wife have four adult children. He relocated to Houston, Texas, in 2024 as part of Chevron's corporate headquarters move from California. He maintains a routine of sleeping by 10:00 PM and waking at 3:45 AM for a 90-minute gym session.","[{""sourceName"": ""Wikipedia"", ""sourceUrl"": ""https://en.wikipedia.org/wiki/Mike_Wirth"", ""reliability"": ""high""}]",mike-wirth
P061,John Furner,约翰·弗纳,1974-01-01,male,总裁兼首席执行官,O049,,"Graduated from the University of Arkansas, Fayetteville's Sam M. Walton College of Business in 1996, where he studied marketing management.","1993: Began career as an hourly store associate at Walmart. Later became store manager, district manager, and buyer. Served as EVP of merchandising and marketing for Walmart China for nearly three years. February 1, 2017: Became CEO of Sam's Club. November 2019: Became President and CEO of Walmart U.S.","John Furner (born 1974) is an American business executive. He was born in Jacksonville, Arkansas. Furner attended the University of Arkansas, Fayetteville, where he studied marketing management and graduated from the Sam M. Walton College of Business in 1996.

Furner began his career at Walmart in 1993 as an hourly store associate. He advanced through the company, holding positions including store manager, district manager, and buyer. His career later expanded into Walmart's international operations, where he spent nearly three years as Executive Vice President of merchandising and marketing for Walmart China. Upon returning to the United States, he served as the chief merchandising officer for Sam's Club before being appointed its President and Chief Executive Officer on February 1, 2017.

During his tenure as CEO of Sam's Club, Furner implemented strategic changes to enhance the division's competitiveness. This included closing 63 stores to better compete with rival Costco, a move reported by The Wall Street Journal alongside increased sales. Leveraging his experience in China, he focused on integrating more technology into Sam's Club warehouses and refining the membership warehouse club's target customer base. He also emphasized growing the private brand business of Sam's Club.

In November 2019, Furner was appointed president and chief executive officer of Walmart U.S., the company's largest operating segment. It has been announced that he will succeed Doug McMillon as the CEO of Walmart Inc. in early 2026.

Outside of his corporate roles, Furner holds leadership positions in industry and philanthropic organizations. He serves as the board chairman of the National Retail Federation. In 2020, he was a board member of the Medal of Honor Foundation. In his personal life, Furner is married and has four children.","[{""sourceName"": ""Wikipedia"", ""sourceUrl"": ""https://en.wikipedia.org/wiki/John_Furner"", ""reliability"": ""high""}]",john-furner
P062,David Joyner,大卫·乔伊纳,,male,总裁兼首席执行官,,,"Graduated with a Bachelor of Science degree in Electronic engineering technology from the ITT Technical Institute in Indianapolis, Indiana.","Software analyst at Texas Instruments (six years). Physical performer of Barney on Barney & the Backyard Gang and Barney & Friends (1991-2001, with occasional appearances until 2005 and a brief return in 2008). Performer of the title character on Hip Hop Harry. Works as a tantric massage therapist.","David Eugene Joyner is an American actor and therapist. He is best known for physically portraying the character of Barney the dinosaur on the children's television series 'Barney & Friends' and its predecessor 'Barney & the Backyard Gang' from 1991 to 2001. The character's voice during this period was provided by Bob West, Duncan Brannan, and Tim Dever. Joyner later played the title character of 'Hip Hop Harry'.

Joyner attended MacArthur High School and graduated with a Bachelor of Science degree in Electronic engineering technology from the ITT Technical Institute in Indianapolis, Indiana. Prior to his acting career, he worked as a software analyst for Texas Instruments for six years.

Joyner originally auditioned for the role of Barney in 1991, replacing the original costume actor, David Voss. He was initially cast as the back-up performer but assumed the primary role after the originally chosen actress had difficulty staying in the costume for extended periods. He was first cast to play Barney in two 'Barney & the Backyard Gang' home videos and continued in the subsequent television series 'Barney & Friends' for its first six seasons, as well as in live performances. After the fourth season, he left to film 'Barney's Great Adventure' and was temporarily replaced by Josh Martin and Maurice Scott. Joyner returned to perform as Barney in 'Barney in Outer Space' in 1997. Although he left the series, he continued to make occasional appearances as the character until 2005, with a brief return in 2008. He was eventually replaced by Carey Stinson.

Outside of his acting career, David Joyner also works as a tantric massage therapist.","[{""sourceName"": ""Wikipedia"", ""sourceUrl"": ""https://en.wikipedia.org/wiki/David_Joyner_(actor)"", ""reliability"": ""high""}]",david-joyner
P063,Stephen Hemsley,史蒂芬·赫姆斯利,1952-06-04,male,首席执行官,O048,,Graduated from Fordham University in 1974.,"Began career at Arthur Andersen as Managing Partner and Chief Financial Officer. Joined UnitedHealth Group in 1997, serving in senior financial roles. Became President and Chief Operating Officer in 1999. Appointed CEO in 2006. Stepped down as CEO in 2017, becoming Executive Chairman. Reappointed as CEO in May 2025.","Stephen J. Hemsley (born June 4, 1952) is an American businessman. He graduated from Fordham University in 1974. Hemsley began his professional career at the accounting firm Arthur Andersen, where he served as Managing Partner and Chief Financial Officer. In 1997, he joined UnitedHealth Group Inc., initially serving in senior financial roles. He rose to become President and Chief Operating Officer in 1999. In 2006, Hemsley was appointed Chief Executive Officer of UnitedHealth Group, succeeding William W. McGuire. Under his leadership, the company consistently ranked among the top U.S. companies by revenue. In August 2017, UnitedHealth announced that Hemsley would be stepping down as CEO after more than a decade and transitioning to the newly created role of Executive Chairman of the board. In May 2025, Hemsley returned to his prior post, being reappointed as CEO of UnitedHealth Group. In May 2024, a lawsuit was filed against Hemsley, then-UnitedHealthcare CEO Brian Thompson, and two other senior executives. The lawsuit alleged fraud and insider trading for failing to disclose a United States Department of Justice antitrust investigation into the company and for selling stock options before the probe was made public. Regarding compensation, Hemsley's annual salary was reported as $14,518,164 by Business Week. For 2016, his compensation was estimated at $31.3 million. Forbes magazine ranked him 269th in its 2009 Special Report on CEO Compensation. According to bizjournals.com, he was the country's highest-paid CEO in 2010, making $101.96 million. In 2011, Forbes named him the highest-paid CEO following a large gain in the value of his stock ownership. In 2025, following his return as CEO, Hemsley was awarded a compensation package that included $60 million in stock options vesting over three years and a base annual salary of $1 million. Outside his corporate role, Hemsley holds several other positions. He is a trustee of the University of St. Thomas, Minnesota, and of Minnesota Public Radio. He is also a member of the National Executive Board of the Boy Scouts of America, the organization's governing body.","[{""sourceName"": ""Wikipedia"", ""sourceUrl"": ""https://en.wikipedia.org/wiki/Stephen_J._Hemsley"", ""reliability"": ""high""}]",stephen-hemsley
P064,Mark Thompson,马克·汤普森,1994-01-01,,董事长兼首席执行官,,,,,,"[{""sourceName"": ""Wikipedia"", ""sourceUrl"": ""https://en.wikipedia.org/wiki/Mark_Thompson"", ""reliability"": ""high""}]",mark-thompson
P065,Suzanne Scott,苏珊·斯科特,,female,首席执行官,O020,,Graduated from American University in 1988.,"1996: Began at Fox News as a programming assistant. 2002-2005: Associate producer, producer, and senior producer of On the Record with Greta Van Susteren. 2005: Network executive producer. 2007: Vice president of programming. 2009: Senior vice president of programming and development. 2016: Executive vice president of programming. 2018: Named CEO of Fox News and Fox Business Network.","Suzanne Scott is the Chief Executive Officer of Fox News and Fox Business Network, the second CEO in the network's history and its first female CEO. She was ranked 61st on Forbes's 2021 list of the World's 100 Most Powerful Women. Scott was raised in Parsippany, New Jersey, where her father ran a trucking company from the family home and her mother worked as a real estate agent. She is a 1988 graduate of American University.

Scott began her media career as an executive assistant to Chet Collier at CNBC before moving with him to Fox News at its inception in 1996. She started at Fox News as a programming assistant. Throughout her tenure, she rose through the ranks in numerous programming, production, and creative positions. These roles included executive vice president of programming (2016), senior vice president of programming and development (2009), vice president of programming (2007), and network executive producer (2005). She also served as associate producer, producer, and senior producer for the program 'On the Record with Greta Van Susteren' from 2002 to 2005. Scott was responsible for launching several on-air and digital initiatives, including the 2002 primetime debut of 'On the Record.'

Following the departure of founder and former CEO Roger Ailes in 2016, Scott, along with Jay Wallace and Jack Abernethy, is credited with 'turning Fox News around' after the scandal involving Ailes. During this period, she served as president of programming, overseeing Fox News Channel's opinion shows such as 'Fox & Friends,' 'The Five,' and 'Hannity.'

On May 17, 2018, Scott was named CEO of both Fox News and Fox Business Network. Lachlan Murdoch noted that she had made history as the network's first female CEO. She remained the only woman in charge of a major TV news organization until Rashida Jones was installed as head of MSNBC. Her promotion was not universally praised due to allegations of complicity in several sexual harassment suits within the company; while Scott was not a defendant, she was cited within them and involved in several internal complaints, accusations she denies. In March 2023, The Guardian reported she was furious when a network reporter fact-checked Donald Trump's false claims about the 2020 election, stating it was 'bad for business.'","[{""sourceName"": ""Wikipedia"", ""sourceUrl"": ""https://en.wikipedia.org/wiki/Suzanne_Scott"", ""reliability"": ""high""}]",suzanne-scott
P066,Joseph Kahn,约瑟夫·卡恩,1972-10-12,male,执行主编,,,Attended New York University's Tisch School of the Arts but dropped out after a year.,"Mid-1990s: Began directing music videos for artists like Aaliyah and Ice Cube. 2004: Directed his first feature film, 'Torque'. 2011: Directed the horror comedy film 'Detention'. 2017: Directed the film 'Bodied', which premiered at TIFF. 2024: Premiered his fourth feature film, 'Ick', at TIFF.","Joseph Kahn (born Ahn Jun-hee on October 12, 1972) is a South Korean-born American director renowned for his work in music videos and film. He was born in Busan, South Korea, and spent part of his childhood there and in Livorno, Italy, before his family moved to Jersey Village, Texas, when he was seven. After graduating from Jersey Village High School in 1990, he briefly attended New York University's Tisch School of the Arts before dropping out and returning to Houston to begin directing hip hop music videos.

Kahn's music video career spans over thirty years, during which he has worked with a wide array of prominent artists including Britney Spears, Taylor Swift, Eminem, Backstreet Boys, Lady Gaga, and Destiny's Child, among others. His early work in the mid-1990s included videos for Aaliyah, Ice Cube, and Snoop Dogg. Kahn achieved significant acclaim in 2003 when he won his first Grammy Award for Eminem's ""Without Me"" video, which also earned the MTV Video Music Award for Video of the Year and Best Direction. He received further recognition with Katy Perry's ""Waking Up in Vegas"" winning the MVPA 2009 Best Video of the Year. In 2014, he was honored with The Icon Award by the UK Music Video Awards.

A notable collaborator with Taylor Swift, Kahn directed multiple videos from her albums *1989* and *Reputation*, including ""Blank Space,"" ""Bad Blood,"" and ""Look What You Made Me Do."" For ""Bad Blood"" featuring Kendrick Lamar, he won the Grammy Award for Best Music Video in 2015. Other career highlights include directing the 2017 American Country Music Awards Video of the Year, ""Forever Country,"" a 2019 video for Ava Max's ""Torn,"" a new video for Mariah Carey's ""All I Want for Christmas Is You,"" and a 2022 video for Chris Brown's ""Iffy."" His video for Janet Jackson's ""Doesn't Really Matter"" is noted for its use of Japanese pop culture and was among the most expensive ever made, costing over $2.5 million.

In film, Kahn directed the 2004 action movie *Torque* starring Ice Cube. He later directed the self-financed horror comedy *Detention* (2011), which was picked up for theatrical distribution by Sony. He produced test footage for a *Swamp Thing* film in 2016. His satirical black comedy *Bodied* (2017), produced by Eminem, premiered at the Toronto International Film Festival, winning the People's Choice Award in the Midnight Madness section, and later collected audience awards at AFI Fest and Fantastic Fest. His fourth feature film, *Ick*, premiered at the 2024 Toronto International Film Festival and received a theatrical release in July 2025.","[{""sourceName"": ""Wikipedia"", ""sourceUrl"": ""https://en.wikipedia.org/wiki/Joseph_Kahn_(director)"", ""reliability"": ""high""}]",joseph-kahn
P067,Matt Murray,马特·默里,1989-09-18,male,执行主编,,,,2012: Began career with guest roles in TV series. 2014-2015: Played recurring role of Officer Duncan Moore in Rookie Blue. 2015: Played Brian in Kevin from Work. 2016: Starred in recurring role of Tony in Eyewitness. 2017: Played a supporting role in 9JKL and was featured in the web series Teenagers. Later played Officer Gene Clemens in In the Dark and appeared in Snowpiercer.,"Matt Murray (born September 18, 1989) is an American actor. He was born in Detroit, Michigan, and is the youngest of eight siblings. After graduating from high school, Murray moved first to Toronto and then to Los Angeles to pursue an acting career.

Murray began his professional acting career in 2012 with guest appearances on television series such as *The Firm* and *Suits*. He gained his first recurring role in 2014, playing Officer Duncan Moore on the police drama series *Rookie Blue*, a role he held through 2015. In 2015, he played the character Brian in the television series *Kevin from Work*.

In 2016, Murray starred in a recurring role as Tony in the USA Network series *Eyewitness*; the series was canceled after one season in March 2017. That same year, he played a supporting role in the CBS sitcom *9JKL*, which was also canceled after one season in May 2018. Also in 2017, Murray was featured prominently in the third season of the web series *Teenagers*. As part of an ensemble cast that included Emmanuel Kabongo, Chloe Rose, and Raymond Ablack, he won the award for Best Ensemble at the 2018 HollyWeb Festival. This ensemble also received a nomination for Best Ensemble at the 9th annual Indie Series Awards.

Further television roles include playing Officer Gene Clemens on the series *In the Dark* and appearing in four episodes of *Snowpiercer*.","[{""sourceName"": ""Wikipedia"", ""sourceUrl"": ""https://en.wikipedia.org/wiki/Matt_Murray_(actor)"", ""reliability"": ""high""}]",matt-murray
P068,Emma Tucker,艾玛·塔克,1966-10-24,female,总编辑,O038,,"Attended the Armand Hammer United World College of the American West (UWC-USA) from 1983 to 1985. Read PPE at University College, Oxford.","1990: Graduate trainee at the Financial Times. 1994-2000: Foreign correspondent in Brussels for the FT. 2000-2003: Foreign correspondent in Berlin for the FT. Later became editor of Financial Times Weekend. 2007: Joined The Times as associate features editor, later editor of Times2. 2012: Became The Times' editorial director. 2013: Appointed deputy editor of The Times. 2020: Became editor of The Sunday Times. 2023: Appointed editor-in-chief of The Wall Street Journal.","Emma Jane Tucker (born 24 October 1966) is an English journalist. She is the editor-in-chief of The Wall Street Journal, a position she assumed on 1 February 2023, becoming the first woman to lead the publication in its 133-year history. Prior to this role, she served as the editor of The Sunday Times, the first woman to hold that position since 1901, and was previously a deputy editor of The Times.

Tucker was born in London, England, to Nicholas Tucker and Jacqueline Anthony. She was educated at Wallands School and Priory School in Lewes, East Sussex. At age 16, she won a scholarship to attend the Armand Hammer United World College of the American West in New Mexico, USA, from 1983 to 1985. She later read Philosophy, Politics and Economics (PPE) at University College, Oxford.

Her journalism career began in 1990 as a graduate trainee at the Financial Times (FT). She initially worked in the House of Commons press gallery and wrote the money markets column, later working in the newspaper's economics room during the ERM crisis. From 1994 to 2000, Tucker was posted to Brussels as a foreign correspondent covering the European Union. She then moved to Berlin in January 2000, serving as a foreign correspondent in Germany for three years. Upon returning, she became the property editor and later moved into features, eventually rising to become the editor of Financial Times Weekend.

Tucker joined The Times in 2007 as associate features editor. A year later, she became editor of Times2, and in 2012, she was appointed The Times's editorial director. In October 2013, she was promoted to deputy editor of The Times. At the end of January 2020, she became editor of The Sunday Times. During her tenure there, the newspaper reported on controversies regarding COVID-19 contracts.

In her personal life, Tucker has three sons. She was previously married and divorced before marrying her second husband, Peter Andreas Howarth, in 2008. She formerly lived in Lewes, East Sussex, and now resides in the Upper West Side neighborhood of Manhattan in New York City.","[{""sourceName"": ""Wikipedia"", ""sourceUrl"": ""https://en.wikipedia.org/wiki/Emma_Tucker"", ""reliability"": ""high""}]",emma-tucker
P069,John Micklethwait,约翰·米克尔思韦特,1962-08-11,male,总编辑,O009,Democratic Party,"Educated at Ampleforth College and Magdalen College, Oxford, where he studied history.","Worked for Chase Manhattan Bank for two years (starting date unspecified). Joined The Economist in 1987, later setting up and working from its Los Angeles office (1990-1993). Edited the Business Section for four years, then ran the New York Bureau for two years as U.S. editor. Served as editor-in-chief of The Economist from March/April 2006 to 2015. Appointed editor-in-chief of Bloomberg News in February 2015, a position he holds as of the text.","Richard John Micklethwait CBE (born 11 August 1962) is an English journalist. He is the editor-in-chief of Bloomberg News, a position he has held since February 2015. Prior to this, he served as the editor-in-chief of The Economist from 2006 to 2015.

Micklethwait was born in London and educated at Ampleforth College, an independent school, and Magdalen College, Oxford, where he studied history. He began his career working for Chase Manhattan Bank for two years before joining The Economist in 1987. His early roles at the publication included setting up an office in Los Angeles, where he worked from 1990 to 1993. He later edited the Business Section for four years and served as U.S. editor, running the New York Bureau for two years before his appointment as editor-in-chief. His journalistic work has covered business and politics from the United States, Latin America, Continental Europe, Southern Africa, and Asia.

Appointed editor-in-chief of The Economist in March 2006, the first issue under his editorship was released on 7 April 2006. In 2010, he was named Editors' Editor by the British Society of Magazine Editors. He has frequently appeared as a commentator on media outlets including CNN, ABC News, BBC, C-SPAN, PBS, and NPR. In 2015, he was appointed as a Trustee of the British Museum. He was also a delegate at the 2010 Bilderberg Conference in Spain.

Micklethwait was appointed Commander of the Order of the British Empire (CBE) in the 2016 Birthday Honours for services to journalism and economics. In his role at Bloomberg News, he ordered his staff in November 2019 not to investigate their boss, Michael Bloomberg, nor any other Democratic candidates during Bloomberg's presidential campaign. In October 2024, as Bloomberg's top editor, he interviewed President-elect Donald Trump at the Economic Club of Chicago.

In his personal life, Micklethwait married actress Kristin Scott Thomas in September 2024 after a five-year romance.","[{""sourceName"": ""Wikipedia"", ""sourceUrl"": ""https://en.wikipedia.org/wiki/John_Micklethwait"", ""reliability"": ""high""}]",john-micklethwait
P070,Joe Rogan,乔·罗根,1967-08-11,male,主持人,,,Attended the University of Massachusetts Boston but dropped out early. Graduated from Newton South High School in 1985.,"Began stand-up comedy career in Boston in 1988. Moved to Los Angeles in 1994, signing a deal with Disney and landing a role on the sitcom 'Hardball'. Starred on the NBC sitcom 'NewsRadio' from 1995 to 1999. Started working for the UFC as an interviewer and color commentator in 1997. Hosted the game show 'Fear Factor' from 2001 to 2006. Launched his podcast, The Joe Rogan Experience, in 2009.","Joseph James Rogan Jr., known as Joe Rogan, is an American podcaster, comedian, and UFC color commentator, born on August 11, 1967, in Newark, New Jersey. He is the host of The Joe Rogan Experience, one of the world's most popular podcasts and the most streamed podcast on Spotify since 2020. Rogan began his career in comedy in 1988 in the Boston area. After moving to Los Angeles in 1994, he secured a developmental deal with Disney and landed acting roles, most notably as Joe Garrelli on the NBC sitcom NewsRadio from 1995 to 1999. In 1997, he started working for the Ultimate Fighting Championship (UFC) as an interviewer and later, in 2002, became a color commentator, a role he continues in. From 2001 to 2006, he hosted the game show Fear Factor. Rogan launched his podcast, The Joe Rogan Experience, in 2009. Its success led to an exclusive distribution deal with Spotify in 2020 for $200 million, which he renewed in 2024 for an estimated $250 million, though the podcast is no longer exclusive to the platform. In his early life, Rogan developed an interest in martial arts as a teenager, winning the US Open Championship taekwondo tournament at 19 and working as a taekwondo instructor. He attended the University of Massachusetts Boston but dropped out. Rogan has publicly voiced support for various political and social positions, including same-sex marriage, recreational drug legalization, universal health care, universal basic income, gun rights, and free speech, while opposing cancel culture and military adventurism. He has endorsed political candidates across the spectrum, supporting Ron Paul in 2012, Bernie Sanders in 2020, and Donald Trump in 2024, though he later criticized some of Trump's policies. Rogan has also faced criticism for promoting conspiracy theories, COVID-19 misinformation, and hosting guests accused of spreading misinformation and pseudoscience.","[{""sourceName"": ""Wikipedia"", ""sourceUrl"": ""https://en.wikipedia.org/wiki/Joe_Rogan"", ""reliability"": ""high""}]",joe-rogan
P071,Tucker Carlson,塔克·卡尔森,1969-05-16,male,主持人,,,,"Began media career in the 1990s writing for The Weekly Standard and other publications. CNN commentator (2000–2005) and co-host of Crossfire (2001–2005). Hosted Tucker on MSNBC (2005–2008). Became a political analyst for Fox News in 2009, later hosting Tucker Carlson Tonight (2016–2023). Co-founded and served as editor-in-chief of The Daily Caller (2010–2020). After Fox News, launched The Tucker Carlson Show and Tucker on X.","Tucker Swanson McNear Carlson (born May 16, 1969) is an American conservative political commentator, television journalist, columnist, and writer. He began his media career in the 1990s, writing for publications including The Weekly Standard. His television career started at CNN in 2000, where he co-hosted the prime-time debate program Crossfire from 2001 to 2005. After leaving CNN, he hosted the nightly program Tucker on MSNBC from 2005 to 2008. In 2009, he joined Fox News as a political analyst. From 2016 until April 2023, he hosted the nightly political talk show Tucker Carlson Tonight on Fox News. Following the cancellation of that show and the termination of his Fox News contract, he launched his own program, The Tucker Carlson Show, and hosts Tucker on X. In 2010, he co-founded the right-wing news website The Daily Caller, serving as its initial editor-in-chief until leaving in 2020. Carlson is an advocate of former President Donald Trump and has been described as a high-profile proponent of Trumpism and an influential voice in right-wing media. He is known as a critic of immigration and U.S. foreign interventions, having renounced his initial support for the Iraq War. His commentary has been noted for introducing far-right ideas into mainstream discourse and for promoting conspiracy theories on various topics, including demographic replacement, COVID-19, the United States Capitol attack, and Ukrainian bioweapons. Some of his remarks on race, immigration, and women have been described as racist and sexist. He has defended Russian president Vladimir Putin and, in February 2024, became the first Western journalist to interview Putin since the Russian invasion of Ukraine. Carlson was among the Fox News hosts named in the 2021 Dominion Voting Systems defamation lawsuit for broadcasting false statements. He is the author of three books: Politicians, Partisans, and Parasites (2003), Ship of Fools (2018), and The Long Slide (2021).","[{""sourceName"": ""Wikipedia"", ""sourceUrl"": ""https://en.wikipedia.org/wiki/Tucker_Carlson"", ""reliability"": ""high""}]",tucker-carlson
P072,Lex Fridman,莱克斯·弗里德曼,1983-08-15,male,主持人,O024,,"Obtained B.S. and M.S. degrees in computer science from Drexel University in 2010, and a Ph.D. in electrical and computer engineering from Drexel University in 2014.","2014: Spent six months at Google working on AI for identity authentication. 2015: Moved to MIT's AgeLab as a research scientist, working on driver behavior. 2019: Transitioned to an unpaid role in MIT's Department of Aeronautics and Astronautics. 2018-present: Host of the Lex Fridman Podcast. 2022-present: Research scientist at the MIT Laboratory for Information and Decision Systems (LIDS).","Lex Fridman, born Alexei Fridman on August 15, 1983, is an American computer scientist, research scientist, and podcast host. He was born in Chkalovsk, Tajik Soviet Socialist Republic, and grew up in Moscow before his family moved to the Chicago area when he was about 11. Fridman is Jewish. He earned B.S. and M.S. degrees in computer science from Drexel University in 2010 and a Ph.D. in electrical and computer engineering from the same institution in 2014. His doctoral dissertation focused on learning identity from behavioral biometrics for active authentication.

Fridman's career is primarily associated with the Massachusetts Institute of Technology (MIT). After a six-month stint at Google in 2014, he joined MIT's AgeLab as a research scientist in 2015, working on understanding driver behavior through psychology and big-data analytics. There, he led a team developing learning algorithms for semi-autonomous vehicles in collaboration with Toyota. In 2019, he published a non-peer-reviewed study on Tesla's Autopilot system, which concluded drivers remained focused. This study drew criticism from AI experts for its methodology and small sample size but gained prominence after praise from Elon Musk. Following this, Fridman transitioned to an unpaid role in MIT's Department of Aeronautics and Astronautics. As of 2022, he has been a research scientist at the MIT Laboratory for Information and Decision Systems (LIDS) and also conducts research for the Center for Complex Engineering Systems, a collaboration between MIT and King Abdulaziz City for Science and Technology. As of February 2024, he lives in Texas and remains employed at MIT.

Fridman is best known as the host of the Lex Fridman Podcast, which he began in 2018 under the name The Artificial Intelligence Podcast, renaming it in 2020. The podcast interviews notable figures from science, technology, sports, arts, and politics, and by 2024 had attracted 3.6 million subscribers. His interview style has received mixed reception. Some colleagues, like Nobel laureate Frank Wilczek, have praised him as an effective science communicator. Critics, however, note he often does not challenge false claims made by guests, maintains personal friendships with some interviewees like Ivanka Trump and Jared Kushner, and has been described as a 'softball interviewer' for tech elites. Observers have also commented that his posture of neutrality and empathetic interviewing approach can fail to adequately challenge misinformation, despite featuring guests from across the political spectrum.","[{""sourceName"": ""Wikipedia"", ""sourceUrl"": ""https://en.wikipedia.org/wiki/Lex_Fridman"", ""reliability"": ""high""}]",lex-fridman
P073,Kevin Roberts,凯文·罗伯茨,1974-06-24,male,总裁,O022,Republican Party,"Earned a bachelor's degree in history magna cum laude from the University of Louisiana at Lafayette in 1996, a Master of Arts in history from Virginia Tech in 1999, and a Ph.D. in American history from University of Texas at Austin in 2003.","Assistant professor of history at New Mexico State University (2003-2005). President of Wyoming Catholic College (2013-2016). Executive Vice President and later CEO of the Texas Public Policy Foundation (from 2016). President of the Heritage Foundation and its lobbying arm, Heritage Action (from December 2021).","Kevin David Roberts (born June 24, 1974) is an American political strategist and former historian. He is the president of the Heritage Foundation, a conservative political think tank, and its lobbying arm, Heritage Action, serving both organizations in a joint role. He was appointed to this position in October 2021. Prior to this, Roberts was the CEO of the Texas Public Policy Foundation and served as the president of Wyoming Catholic College from 2013 to 2016.

Roberts holds a Ph.D. in American history from the University of Texas at Austin (2003), a Master of Arts in history from Virginia Tech (1999), and a bachelor's degree in history from the University of Louisiana at Lafayette (1996). He worked as an assistant professor of history at New Mexico State University from 2003 to 2005. In 2006, he founded John Paul the Great Academy, a private Catholic K-12 school in Lafayette, Louisiana.

Soon after Roberts joined the Heritage Foundation in December 2021, the organization established Project 2025, a comprehensive plan to overhaul the federal government under a new Republican administration. Roberts has been frequently described as the ""mastermind"" or ""architect"" of this controversial initiative. He has stated that Heritage's role is ""institutionalizing Trumpism"" and ensuring a faster start for a future conservative administration. Roberts has made statements questioning the legitimacy of the 2020 presidential election and, in a July 2024 interview, spoke of being ""in the process of the second American Revolution.""

In 2024, Roberts wrote a book titled ""Dawn's Early Light: Taking Back Washington to Save America,"" with a foreword by Vice President JD Vance. The book's release was postponed until after the November 2024 election. In July 2024, he was appointed by Oklahoma State Superintendent Ryan Walters to a committee tasked with revising K-12 social studies standards. Roberts's career and public statements are centrally defined by his leadership of the Heritage Foundation and his prominent role in advancing the policy agenda of Project 2025.","[{""sourceName"": ""Wikipedia"", ""sourceUrl"": ""https://en.wikipedia.org/wiki/Kevin_Roberts_(political_strategist)"", ""reliability"": ""high""}]",kevin-roberts
P074,Robert Doar,罗伯特·多尔,,male,总裁,O005,,Graduated from Princeton University with an A.B. in history in 1983.,"After graduating in 1983, he worked at the New York City Office of Business Development, then became deputy to the editor-in-chief of The Washington Monthly. He later served as editor of the Harlem Valley Times and as assistant vice president of the First National Bank of Hudson Valley. In May 1995, he became Deputy Commissioner of the NY State Office of Temporary and Disability Assistance's Division of Child Support Enforcement, and was appointed Commissioner of that office in 2003. In January 2007, he was appointed commissioner of the New York City Human Resources Administration. He is now the president of the American Enterprise Institute.","Robert Larkin Doar is an American businessman, writer, and former public administrator. He currently serves as the president of the American Enterprise Institute (AEI), a public policy think tank. His research at AEI focuses on federal and state antipoverty policies and safety net programs.

Doar was born in Washington, D.C., the son of former Assistant Attorney General for Civil Rights John Doar. He attended St. Ann's School, Phillips Academy, and Princeton University, graduating in 1983 with an A.B. in history. His early career included work at the New York City Office of Business Development, a role as deputy to the editor-in-chief of The Washington Monthly, and positions as editor of the Harlem Valley Times and assistant vice president of the First National Bank of Hudson Valley.

His career in public administration began in May 1995 when he became the Deputy Commissioner of the New York State Office of Temporary and Disability Assistance's Division of Child Support Enforcement. In 2003, Governor George Pataki appointed him as Commissioner of the Office of Temporary and Disability Assistance. He is also a member of the board of directors of the research organization Child Trends.

Before joining the American Enterprise Institute, Doar was appointed by Mayor Michael Bloomberg on January 8, 2007, to serve as commissioner of the New York City Human Resources Administration. In this role, he oversaw the city's welfare and public assistance programs.

At AEI, Doar has been involved in significant policy work. He served as co-chair of the bipartisan National Commission on Hunger and was a lead member of the AEI-Brookings Institution working group on poverty and opportunity. This group published the report ""Opportunity, Responsibility, and Security: A Consensus Plan for Reducing Poverty and Restoring the American Dream."" He is the editor of ""A Safety Net That Works: Improving Federal Programs for Low-Income Americans,"" an AEI publication featuring expert discussions on federal assistance programs and reform proposals. In 2018, he helped convene a bipartisan working group with Brookings and Opportunity America that published the report ""Work, Skills, Community: Restoring Opportunity for the Working Class.""

Doar has testified before the United States Congress and has written for publications including The Wall Street Journal, USA Today, The Hill, and National Review.","[{""sourceName"": ""Wikipedia"", ""sourceUrl"": ""https://en.wikipedia.org/wiki/Robert_Doar"", ""reliability"": ""high""}]",robert-doar
P075,Doug Hamlin,道格·哈姆林,,male,执行副总裁兼首席执行官,O028,,Undergraduate at the University of Michigan.,"Served in the United States Marine Corps for six years. Worked for Petersen Publishing Company for 14 years, serving as vice president and group publisher for Motor Trend and publisher of Guns & Ammo from 1991 to 1995. Founded autoMedia Solutions in the 1990s. Joined the NRA as executive director of publications in 2014. Appointed CEO and Executive Vice President of the NRA in May 2024.","Douglas (Doug) Hamlin is an American publisher and businessman who has served as the chief executive officer (CEO) and executive vice president (EVP) of the National Rifle Association (NRA) since May 2024. He was raised in Michigan. Prior to his career in publishing, Hamlin served for six years in the United States Marine Corps as an infantry weapons officer and recruiter. He then worked for the Petersen Publishing Company for 14 years, where he was vice president and group publisher for Motor Trend and publisher of Guns & Ammo from 1991 to 1995. In the 1990s, he founded autoMedia Solutions, an automotive news company.

Hamlin joined the NRA in 2014, serving as executive director of NRA Publications. The organization credited him with saving approximately $30 million by increasing production efficiency and moving the production of America's First Freedom in-house. In 2021, then-CEO Wayne LaPierre named Hamlin as a potential successor. Following LaPierre's resignation amid corruption allegations, the NRA board of directors elected Hamlin as CEO and EVP in May 2024, a move marketed as a reformist choice against LaPierre loyalists. Upon his election, Hamlin stated his focus was on protecting Second Amendment rights and executing the NRA's programs. He subsequently appointed Randy Kozuch as executive director of the NRA Institute for Legislative Action and Joseph P. De Bergalis Jr. as executive director of NRA general operations. As CEO, Hamlin vowed to rebuild the organization, aiming to regain lost members, grow training programs, and support women and minority gun owners. He set a membership goal of 10 million. After his selection, he reportedly fought with NRA president Bob Barr, a LaPierre loyalist.

Hamlin's appointment was accompanied by the resurfacing of a 1979 animal cruelty incident from his time as an undergraduate and chapter president of the Alpha Delta Phi fraternity at the University of Michigan. In December 1979, Hamlin and four other fraternity members were implicated in the death of the fraternity cat. A judge later held Hamlin responsible for not using his authority as president to prevent the killing. The five were charged with misdemeanor animal cruelty, pleaded no contest in March 1980, were fined, given deferred sentences, and sentenced to 200 hours of animal-related community service. Their records were later expunged. Following the report's resurgence, anonymous NRA employees sent a letter to the board asking for Hamlin's suspension. In response to the incident, Hamlin stated he did not condone the actions, took responsibility as chapter president, and highlighted his subsequent life of service, business, and charity work. An earlier 2018 lawsuit between New York state and the NRA also included allegations from whistleblowers that Hamlin had received around $25,000 in inappropriate reimbursements for living expenses from LaPierre.","[{""sourceName"": ""Wikipedia"", ""sourceUrl"": ""https://en.wikipedia.org/wiki/Doug_Hamlin"", ""reliability"": ""high""}]",doug-hamlin
P076,Clint Pressley,克林特·普雷斯利,1969-02-26,male,主席,O035,,"Graduated from Wofford College with a Bachelor of Arts and later received a Master of Divinity from New Orleans Baptist Theological Seminary, having first attended Southwestern Baptist Theological Seminary.","Pastored two churches in Mississippi (dates unspecified). Returned to Hickory Grove Baptist Church in 1999 as senior associate pastor of preaching. Served as senior pastor of Dauphin Way Baptist Church in Mobile, Alabama from 2004. Returned to Hickory Grove Baptist Church as co-pastor in 2010 and became senior pastor in 2011. Served as first vice president of the Southern Baptist Convention from 2014 to 2015. Served on the board of trustees of the Southern Baptist Theological Seminary since 2015, including as chairman from 2020 to 2022. Elected President of the Southern Baptist Convention in June 2024 and reelected in June 2025.","Clint Pressley (born February 26, 1969) is an American evangelical pastor who has served as the president of the Southern Baptist Convention since his election in June 2024. He was reelected to a second one-year term in June 2025. Pressley has also been the senior pastor of Hickory Grove Baptist Church in Charlotte, North Carolina, since 2011.

Born in Charlotte, North Carolina, Pressley attended a Presbyterian Church (USA) congregation with his parents in his youth and later attended Hickory Grove Baptist Church as a teenager. He earned a Bachelor of Arts degree from Wofford College and a Master of Divinity from New Orleans Baptist Theological Seminary, having first attended Southwestern Baptist Theological Seminary.

Pressley began his pastoral career leading two churches in Mississippi. He returned to Hickory Grove Baptist Church in 1999, serving as senior associate pastor of preaching. In 2004, he became senior pastor of Dauphin Way Baptist Church in Mobile, Alabama. He returned to Hickory Grove Baptist Church in 2010 as co-pastor and was installed as its senior pastor in 2011.

Within the Southern Baptist Convention, Pressley served as first vice president from 2014 to 2015. He has been a member of the board of trustees of the Southern Baptist Theological Seminary since 2015, chairing the board from 2020 to 2022. His election as President of the Southern Baptist Convention occurred at the denomination's annual meeting in Indianapolis, Indiana, in June 2024.

Pressley is married to Connie LaBelle Smith Pressley. The couple has two adopted sons, one of whom died in 2023 at the age of 24.","[{""sourceName"": ""Wikipedia"", ""sourceUrl"": ""https://en.wikipedia.org/wiki/Clint_Pressley"", ""reliability"": ""high""}]",clint-pressley
P077,Aaron Burgner,亚伦·伯格纳,,,主席,,,,,,[],aaron-burgner
P078,Cecilia Rouse,塞西莉亚·劳斯,1963-12-18,female,总裁,O010,,Bachelor of Arts in economics from Harvard University in 1986 and PhD in economics from Harvard University in 1992.,Joined the faculty at Princeton University in 1992. Served in the National Economic Council under President Bill Clinton from 1998 to 1999. Served on President Barack Obama's Council of Economic Advisers from 2009 to 2011. Served as dean of the Princeton School of Public and International Affairs. Served as the 30th Chair of the Council of Economic Advisers from 2021 to 2023. Became the 9th President of the Brookings Institution in January 2024.,"Cecilia Elena Rouse (born December 18, 1963) is an American economist who currently serves as the President of the Brookings Institution, a position she assumed in January 2024. She previously served as the 30th Chair of the Council of Economic Advisers (CEA) from 2021 to 2023, becoming the first Black American to hold this position. President Joe Biden nominated her for the CEA role in November 2020, and she was confirmed by the U.S. Senate by a vote of 95–4 on March 2, 2021. She resigned from the CEA on March 31, 2023, to return to teaching.

Rouse's career in public service spans multiple administrations. She served on President Barack Obama's Council of Economic Advisers from 2009 to 2011 and worked in the National Economic Council under President Bill Clinton from 1998 to 1999. Her academic career is centered at Princeton University, where she joined the faculty in 1992 after earning her doctorate. She served as the dean of the Princeton School of Public and International Affairs and holds the title of Lawrence and Shirley Katzman and Lewis and Anna Ernst Professor in the Economics of Education. She is also the founding director of the Princeton University Education Research Section.

Her primary research expertise lies in labor economics, with a specific focus on the economics of education. She is a member of the National Academy of Education and a research associate of the National Bureau of Economic Research. Rouse has held editorial roles at the Journal of Labor Economics and The Future of Children and has served on the board of directors for MDRC and the T. Rowe Price Equity Mutual Funds.

Rouse graduated from Harvard University with a Bachelor of Arts in economics in 1986 and a PhD in economics in 1992. She grew up in Del Mar, California, and is the sibling of physicist Forest Rouse and anthropologist Carolyn Rouse. Her father, Carl A. Rouse, was a research physicist, and her mother, Lorraine, worked as a school psychologist.","[{""sourceName"": ""Wikipedia"", ""sourceUrl"": ""https://en.wikipedia.org/wiki/Cecilia_Rouse"", ""reliability"": ""high""}]",cecilia-rouse
P079,Neera Tanden,尼拉·坦登,1970-09-10,female,总裁兼首席执行官,O011,Democratic Party,"Graduated from Bedford High School in 1988. Received a Bachelor of Arts from the University of California, Los Angeles in 1992 and a Juris Doctor from Yale Law School in 1996.","1988: Worked on Michael Dukakis's presidential campaign. 1992: Worked on Bill Clinton's presidential campaign. 1996-2000: Held various domestic policy roles in the Clinton White House and First Lady's Office. 1999-2000: Deputy campaign manager and policy director for Hillary Clinton's Senate campaign. 2003-2005: Legislative director for Senator Hillary Clinton. 2003-2021 & 2025-present: Various roles, including President and CEO, at the Center for American Progress. 2008: Domestic policy director for Barack Obama's general election campaign. Served as senior adviser at HHS in the Obama administration, helping draft the Affordable Care Act. 2021-2023: Senior advisor and later White House Staff Secretary to President Joe Biden. 2023-2025: Director of the United States Domestic Policy Council.","Neera Tanden (born September 10, 1970) is an American political consultant and former government official. She is the president and CEO of the Center for American Progress (CAP), a Democratic think tank, a role she has held in two separate tenures. Tanden's career has been significantly defined by her work on domestic policy, in think tanks, and for various Democratic campaigns and administrations. She played a central role in the founding of CAP in 2003 and first served as its president and CEO from 2011 to 2021, succeeding John Podesta. She returned to this leadership position in February 2025.

Tanden has a long history of involvement in Democratic presidential campaigns, beginning with volunteering for Michael Dukakis in 1988. She worked on Bill Clinton's 1992 campaign and served in his administration as associate director for domestic policy and as a domestic policy advisor in the First Lady's Office. She is regarded as a loyalist and personal friend of Hillary Clinton, having served as deputy campaign manager and policy director for Clinton's successful 2000 Senate campaign in New York, and later as her legislative director from 2003 to 2005. Tanden was Hillary Clinton's policy director during her 2008 Democratic primary bid and was an unpaid adviser during her 2016 presidential campaign.

After Barack Obama secured the 2008 Democratic nomination, Tanden joined his team as domestic policy director for the general election. In the Obama administration, she served as a senior adviser to the Secretary of Health and Human Services, helping to draft the Affordable Care Act (ACA) and negotiate its provisions, earning a description as one of its ""key architects.""

In the Biden administration, Tanden served as a senior advisor and staff secretary to President Joe Biden from 2021 to 2023. She was then appointed Director of the United States Domestic Policy Council, serving from 2023 to 2025, where she succeeded Susan Rice.

Tanden's nomination by President-elect Biden to be Director of the Office of Management and Budget in 2020 was withdrawn following opposition in the Senate. She holds a Bachelor of Arts from the University of California, Los Angeles (1992) and a Juris Doctor from Yale Law School (1996).","[{""sourceName"": ""Wikipedia"", ""sourceUrl"": ""https://en.wikipedia.org/wiki/Neera_Tanden"", ""reliability"": ""high""}]",neera-tanden
P080,Michael Froman,迈克尔·弗罗曼,1962-08-20,male,总裁,O017,,"Received a B.A. from Princeton University in 1985, a D.Phil. from St Antony's College, Oxford in 1988, and a J.D. from Harvard Law School.","1992-1993: White House Fellow. 1993-1995: Deputy National Security Advisor for International Economic Affairs. 1997-1999: Chief of Staff at the U.S. Department of the Treasury. 2001-2009: Held executive roles at Citigroup, including President and CEO of CitiInsurance. 2009-2013: Deputy Assistant to the President and Deputy National Security Advisor for International Economic Affairs. 2013-2017: U.S. Trade Representative. 2017: Distinguished Fellow at the Council on Foreign Relations. 2018: Vice Chairman and President for Strategic Growth at Mastercard Inc and Director at The Walt Disney Company. 2023-present: President of the Council on Foreign Relations.","Michael Braverman Goodman Froman (born August 20, 1962) is an American lawyer and the current president of the Council on Foreign Relations. He served as the United States Trade Representative from 2013 to 2017. His career in government spans several high-level economic policy roles. During the Clinton administration, he served as Deputy Assistant Secretary for Eurasia and the Middle East, focusing on economic policy towards the former Soviet Union and Central and Eastern Europe, and worked on the economic components of the Dayton Accords. He later became Chief of Staff to Treasury Secretary Robert Rubin from 1997 to 1999.

Froman rejoined government service in 2009 under President Barack Obama, a former Harvard Law School classmate with whom he served on the Harvard Law Review. He was appointed Assistant to the President and Deputy National Security Advisor for International Economic Affairs, a position held jointly at the National Security Council and the National Economic Council. In this capacity, he acted as the U.S. sherpa to the G7, G8, and G20 summits.

Nominated by President Obama in May 2013, Froman was confirmed as U.S. Trade Representative by the Senate in June 2013. During his tenure, he was the lead U.S. negotiator for a bilateral investment treaty with China and served as the chief negotiator for the Trans-Pacific Partnership trade agreement. His role in classified trade negotiations drew scrutiny from some politicians and lawyers. Following his government service, he joined the Council on Foreign Relations as a distinguished fellow in 2017. He later served as Vice Chairman and President for Strategic Growth at Mastercard Inc (2018) and became a director of The Walt Disney Company (2018). In March 2023, he was chosen as president of the Council on Foreign Relations.

Froman's education includes a B.A. in Public and International Affairs from Princeton University (1985), a D.Phil. in International Relations from St Antony's College, Oxford (1988), and a J.D. from Harvard Law School. Early in his career, he worked for the American Bar Association's legal assistance program in Albania and for the European Commission's Forward Studies Unit in Brussels. He was also a White House Fellow (1992-93) and, between government posts, held executive positions at Citigroup, including President and CEO of CitiInsurance.","[{""sourceName"": ""Wikipedia"", ""sourceUrl"": ""https://en.wikipedia.org/wiki/Michael_Froman"", ""reliability"": ""high""}]",michael-froman
P081,Anthony D. Romero,安东尼·罗梅罗,1965-07-09,male,执行总监,O004,,Received his B.A. from Princeton University's Woodrow Wilson School of Public and International Affairs in 1987 and a J.D. from Stanford Law School in 1990.,"Started career at the Rockefeller Foundation. In 1992, began working for the Ford Foundation as a program officer in the Civil Rights and Social Justice Program. After less than four years, was promoted to director, later serving as director of Human Rights and International Cooperation. Became executive director of the American Civil Liberties Union in September 2001.","Anthony D. Romero (born July 9, 1965) is an American lawyer and activist serving as the executive director of the American Civil Liberties Union (ACLU), a position he assumed in September 2001. He is the first Latino and openly gay man to hold this role. Born in the Bronx, New York to Puerto Rican parents, Romero was the first in his family to graduate high school. He earned a B.A. from Princeton University's Woodrow Wilson School of Public and International Affairs in 1987 and a J.D. from Stanford Law School in 1990.

Romero began his career at the Rockefeller Foundation before joining the Ford Foundation in 1992. There, he served as a program officer and later became a director, managing approximately $90 million in grants for civil rights, human rights, and peace projects. He launched initiatives in areas including affirmative action, voting rights, immigrants' rights, women's rights, reproductive freedom, and LGBT rights.

His tenure at the ACLU began just before the September 11, 2001 attacks. In response, he launched the ""Keep America Safe and Free"" campaign, which targeted the Patriot Act, uncovered documents on detainee abuse, and successfully challenged the Bush administration's NSA spying program in court. Under his leadership, ACLU membership and donations increased significantly, staff numbers grew, and the organization expanded its work on racial justice, religious freedom, privacy rights, reproductive freedom, and LGBT rights. It also established new programs focused on human rights and surveillance technology privacy issues.

Romero has been a vocal advocate on various issues, denouncing Pentagon surveillance of antiwar protests, speaking at the 2008 March for Women's Lives, praising whistleblower Edward Snowden in 2013, and co-signing a 2016 letter to the UN advocating for more humane drug policies. His time at the ACLU has also included criticisms from within the organization regarding management decisions and a 2011 DWI charge.

He is the author of ""In Defense of Our America: The Fight for Civil Liberties in the Age of Terror"" (2007). His recognitions include being named one of Time magazine's 25 Most Influential Hispanics in 2005, receiving the Golden Plate Award from the American Academy of Achievement in 2009, the ""Maggie"" Award from Planned Parenthood in 2011, and the Woodrow Wilson Award from Princeton University in 2020.","[{""sourceName"": ""Wikipedia"", ""sourceUrl"": ""https://en.wikipedia.org/wiki/Anthony_D._Romero"", ""reliability"": ""high""}]",anthony-d-romero
P082,Alexis McGill Johnson,亚历克西斯·麦吉尔·约翰逊,1972-08-05,female,总裁兼首席执行官,O033,,Graduated from Princeton University with a bachelor's degree in political science in 1993. Received a Master of Arts in political science from Yale University in 1995.,"Taught political science and African-American studies at Yale and Wesleyan University. Served as political director for the Hip-Hop Summit Action Network and executive director of Citizen Change (2004). Co-founded and was executive director of the Perception Institute (2009). Served as board chair of Planned Parenthood (2013-2015). Appointed acting president of Planned Parenthood (July 2019), then permanent president and CEO (June 2020).","Lori Alexis McGill Johnson (born August 5, 1972) is an American businesswoman and abortion rights advocate who serves as the president and CEO of Planned Parenthood. She was born and raised in New York City. Her childhood was strongly influenced by her parents' Black Nationalism and pride in Black culture. Her mother rose from a secretary to an executive-level position at AT&T. McGill Johnson graduated from Princeton University in 1993 with a bachelor's degree in political science, focusing on Latin-American social movements. She earned a Master of Arts in political science from Yale University in 1995.

Her early career was in academia, teaching political science and African-American studies at Yale and Wesleyan University. She transitioned to political advocacy, serving as political director for Russell Simmons's ""Hip-Hop Summit Action Network"" and as executive director of Citizen Change during the 2004 election season, where she helped launch the ""Vote or Die!"" campaign. In 2009, she co-founded the Perception Institute, a research group studying bias reduction and discrimination, and served as its executive director. In this role, she co-created the curriculum for Starbucks' racial bias training in May 2018.

McGill Johnson has a long association with Planned Parenthood, having served on its board and as board chair from 2013 to 2015. On July 16, 2019, she was announced as the organization's acting president following the termination of Leana Wen. She was elevated to permanent president and CEO on June 26, 2020. In this role, she has been a prominent public advocate, speaking at rallies such as one against abortion restrictions in North Carolina in 2023.

Her board service extends to other organizations, including the New York Civil Liberties Union, the Center for Social Inclusion, and Citizen Engagement Lab. Her work has been recognized with several honors. In 2023, she appeared in Politico's Playbook Power List for her work following the repeal of Roe v. Wade and was selected for STAT's Status List for helping patients. In 2024, CNN As Equals recognized her as a social justice leader.

She is married to Robert Johnson, president of the Institute for New Economic Thinking, and they have two daughters. The family lives in New York City.","[{""sourceName"": ""Wikipedia"", ""sourceUrl"": ""https://en.wikipedia.org/wiki/Alexis_McGill_Johnson"", ""reliability"": ""high""}]",alexis-mcgill-johnson
P083,Loren Blackford,洛伦·布莱克福德,,,执行总监,O034,,,,"Loren Blackford is the executive director of the Sierra Club, a prominent American environmental organization. The Sierra Club, founded in 1892 in San Francisco by preservationist John Muir, is one of the first large-scale environmental preservation organizations in the world. It is a nonprofit membership association with chapters in all 50 U.S. states, Washington D.C., and Puerto Rico, and is headquartered in Oakland, California. The organization's mission is to explore, enjoy, and protect the wild places of the earth, practice and promote responsible resource use, and educate humanity to protect the environment. It engages in political advocacy for sustainable energy and against coal, hydropower, and nuclear power, and organizes outdoor recreation activities, historically playing a notable role in U.S. mountaineering and rock climbing. The Sierra Club is governed by a 15-member board of directors, and the executive director runs its day-to-day operations. Blackford's appointment came in September 2025, following a period of significant internal strife under the previous executive director, Ben Jealous. Jealous's tenure, which began in January 2023, was marked by repeated restructures, layoffs, allegations of unfair labor practices, and multiple votes of no confidence from staff and chapters. The organization's turmoil was further highlighted in April 2025 when environmental justice pioneer Robert D. Bullard publicly requested the removal of his name from a Sierra Club award, citing unmet promises. After Jealous took a leave of absence in July 2025, the Sierra Club board unanimously voted to terminate his employment for cause in August 2025. Loren Blackford was subsequently named to the executive director role the following month, tasked with leading the organization's ongoing advocacy and operational activities.","[{""sourceName"": ""Wikipedia"", ""sourceUrl"": ""https://en.wikipedia.org/wiki/Sierra_Club"", ""reliability"": ""high""}]",loren-blackford
P084,Derrick Johnson,德里克·约翰逊,1982-11-22,male,总裁兼首席执行官,,,Enrolled in The University of Texas at Austin and played college football for the Texas Longhorns from 2001 to 2004.,2005-2017: Linebacker for the Kansas City Chiefs (selected 15th overall in the 2005 NFL Draft). 2018: Played six games for the Oakland Raiders. Retired in 2019 after signing a ceremonial contract with the Chiefs.,"Derrick O'Hara Johnson (born November 22, 1982) is an American former professional football player who was a linebacker in the National Football League (NFL). He was born in Waco, Texas, and attended Waco High School, where he was a three-sport star in football, track, and basketball. In football, he played as a linebacker, earning Parade magazine high school All-America and first-team All-Texas Class 5A honors following both his junior and senior seasons. He also played in the first-ever U.S. Army All-American Bowl in 2000. As a track and field athlete, Johnson was a state-qualifier in the 100-meters and the triple jump.

Johnson played college football for the Texas Longhorns at the University of Texas at Austin from 2001 to 2004. He became one of the most dominant linebackers in Longhorns history, earning first-team All-Big 12 selection in 2002, 2003, and 2004. He was a consensus first-team All-American in 2003 and a unanimous first-team All-American in 2004. Following his senior season, Johnson was recognized as the Big 12 Defensive Player of the Year and received the Dick Butkus Award and the Bronko Nagurski Trophy.

Johnson was selected by the Kansas City Chiefs in the first round of the 2005 NFL draft with the 15th overall pick. He played 13 seasons with the Chiefs, during which he made four Pro Bowl selections (2011–2013, 2015). He was also a First-team All-Pro selection in 2011 and a Second-team All-Pro selection in 2015, and he won the Pro Bowl Defensive MVP award in 2013. Johnson is the Kansas City Chiefs' all-time leading tackler with 1,151 tackles. He finished his career by playing six games for the Oakland Raiders in 2018 before retiring on May 8, 2019, after signing a one-day ceremonial contract with the Chiefs.

His career awards and honors in the NFL include four Pro Bowl selections, First-team All-Pro, Second-team All-Pro, Pro Bowl Defensive MVP, and PFWA All-AFC selection. His college honors include the Dick Butkus Award, Bronko Nagurski Trophy, Jack Lambert Trophy, Big 12 Defensive Player of the Year, two-time Consensus All-American, three-time First-team All-Big 12, and Big 12 Co-Defensive Freshman of the Year. His older brother, Dwight Johnson, and his cousins, Bert Emanuel and Ben Emanuel, also played in the NFL.","[{""sourceName"": ""Wikipedia"", ""sourceUrl"": ""https://en.wikipedia.org/wiki/Derrick_Johnson"", ""reliability"": ""high""}]",derrick-johnson
P085,Liz Shuler,丽兹·舒勒,1970-01-01,female,主席,O001,Democratic Party,Bachelor of Arts degree in journalism from the University of Oregon in 1992.,"After college, she became a union organizer for IBEW Local 125 (1990s). In 1997, she became a lobbyist for the IBEW. In June 2004, she was appointed executive assistant to IBEW President Edwin Hill. On September 16, 2009, she was elected AFL–CIO Secretary-Treasurer. On August 20, 2021, she was elected AFL–CIO President to fill the remainder of Richard Trumka's term, and on June 12, 2022, she was elected to a full term as AFL–CIO President.","Elizabeth ""Liz"" H. Shuler (born 1970) is an American labor activist and the president of the AFL–CIO, the first woman to be elected president of the federation. She is the highest-ranking woman in the labor federation's history. Shuler previously served as the federation's secretary-treasurer, a role where she was also the first woman and, as of 2009, the youngest person to hold that position. The period from her election until 2013 marked the first time women held two of the three officer positions in the AFL–CIO.

Shuler was born in 1970 to Lance and Joyce Shuler. Her father was a union electrical lineman for Portland General Electric (PGE), while her mother worked there as a non-union secretary. Raised in Gladstone, Oregon, Shuler attended public schools and earned a Bachelor of Arts in journalism from the University of Oregon in 1992. While in college, she worked summers at PGE and was active in the state Democratic Party.

Her union career began after college as an organizer for the International Brotherhood of Electrical Workers (IBEW) Local 125, focusing on a campaign to organize clerical workers at PGE. In 1997, she became a lobbyist for the IBEW before the Oregon Legislature, successfully working to defeat a bill to deregulate Oregon's electricity market. She also taught in the union's COMET and MEMO organizing programs and served on state labor committees. In 1998, she led the AFL–CIO's successful effort to defeat California Proposition 226.

After the California campaign, Shuler was appointed an IBEW international representative, moving to Washington, D.C., to work in the IBEW's Political and Legislative Affairs Department. In June 2004, she was appointed executive assistant to IBEW President Edwin Hill, becoming the highest-ranking woman in the union's history at that time. In this role, she supervised and coordinated 11 of the IBEW's departments.

On July 7, 2009, AFL–CIO Secretary-Treasurer Richard Trumka chose Shuler as his running mate for secretary-treasurer. She was elected on September 16, 2009. In her term, she stated intentions to reach out to workers under 35, use new media for outreach, and work to balance the federation's budget. Trumka also appointed her to head the AFL–CIO's youth outreach efforts.

Upon Trumka's death on August 5, 2021, Shuler became acting AFL–CIO president. She was elected to fill the remainder of his term on August 20, 2021. On June 12, 2022, she was unanimously elected to a full four-year term as president, solidifying her place as the first woman elected to lead the AFL–CIO. Shuler spoke at the 2024 Democratic National Convention.

Outside her AFL–CIO roles, Shuler is active in the Women's Campaign Fund and is a supporter of the International Women's Democracy Center. She has also been active in Oregon and Washington chapters of Women in the Trades, organizations that promote opportunities for women in the skilled trades.","[{""sourceName"": ""Wikipedia"", ""sourceUrl"": ""https://en.wikipedia.org/wiki/Liz_Shuler"", ""reliability"": ""high""}]",liz-shuler
P086,Ronald Hicks,罗纳德·希克斯,1967-08-04,male,纽约总主教 (Archbishop of New York),,,Earned a Bachelor of Arts in philosophy from Loyola University Chicago in 1989 and a Master of Divinity from the University of Saint Mary of the Lake/Mundelein Seminary in 1994. Also received a Doctor of Ministry degree from the University of St. Mary of the Lake in 2003.,"Associate Pastor at Our Lady of Mercy Parish (1994-1996). Associate Pastor at St. Elizabeth Seton Parish (1996-1999). Dean of Formation at St. Joseph College Seminary (1999-2005). Director for Nuestros Pequeños Hermanos in El Salvador (2005-2010). Dean of Formation at Mundelein Seminary (2010-2015). Vicar General of the Archdiocese of Chicago (2015-2018). Auxiliary Bishop of Chicago (2018-2020). Bishop of Joliet (2020-2026). Archbishop-designate of New York (appointed December 18, 2025).","Ronald Aldon Hicks (born August 4, 1967) is an American Catholic prelate who has been the archbishop-designate of New York since December 18, 2025. Born in Harvey, Illinois, and raised in South Holland, Illinois, Hicks is of Irish, German, and Polish descent. His early consideration of the priesthood led him to attend Quigley Preparatory Seminary South, graduating in 1985. Before entering university, he spent a year volunteering at an orphanage in Mexico run by Nuestros Pequeños Hermanos. Hicks earned a Bachelor of Arts in philosophy from Loyola University Chicago in 1989 and a Master of Divinity from the University of Saint Mary of the Lake/Mundelein Seminary in 1994.

Hicks was ordained a priest for the Archdiocese of Chicago by Cardinal Joseph Bernardin on May 21, 1994. His early pastoral assignments included serving as an associate pastor at Our Lady of Mercy Parish in Chicago and at St. Elizabeth Seton Parish in Orland Hills, Illinois. In 1999, he was appointed dean of formation at St. Joseph College Seminary in Chicago. He later earned a Doctor of Ministry degree in 2003 from the University of St. Mary of the Lake. From 2005 to 2010, Hicks lived in El Salvador, serving as a director for Nuestros Pequeños Hermanos. Upon returning to Illinois, Cardinal Francis George appointed him dean of formation at Mundelein Seminary in 2010. On January 1, 2015, Archbishop Blase J. Cupich selected him as vicar general for the Archdiocese of Chicago.

Pope Francis appointed Hicks titular bishop of Munatiana and auxiliary bishop of Chicago on July 3, 2018. He was consecrated on September 17, 2018. On July 17, 2020, Francis named him bishop of Joliet. He was installed at the Cathedral of St. Raymond Nonnatus on September 29, 2020. Pope Leo XIV named Hicks metropolitan archbishop of New York on December 18, 2025, with his installation scheduled for February 6, 2026.

Within the United States Conference of Catholic Bishops, Hicks serves as chairman of the Committee on Clergy, Consecrated Life and Vocations. He is also a board member of the Catholic Extension Society and the Mundelein Seminary Advisory Board. A noted fan of the Chicago Cubs, Hicks has described personal similarities with Pope Leo XIV, having grown up in the same neighborhood and frequented the same local establishments.","[{""sourceName"": ""Wikipedia"", ""sourceUrl"": ""https://en.wikipedia.org/wiki/Ronald_Hicks"", ""reliability"": ""high""}]",ronald-hicks
P087,Gavin Newsom,加文·纽森,1967-10-10,male,州长,,Democratic Party,"Graduated from Santa Clara University in 1989 with a Bachelor of Science in political science. Also attended École Notre Dame des Victoires and Redwood High School, graduating in 1985.","Appointed to San Francisco's Parking and Traffic Commission in 1996. Appointed to the San Francisco Board of Supervisors in 1997 and first elected to the board in 1998. Served as Mayor of San Francisco from 2004 to 2011 (elected 2003, reelected 2007). Served as Lieutenant Governor of California from 2011 to 2019 (elected 2010, reelected 2014). Has served as Governor of California since 2019 (elected 2018, reelected 2022).","Gavin Christopher Newsom (born October 10, 1967) is an American politician and businessman serving as the 40th governor of California since 2019. A member of the Democratic Party, he previously served as the 49th lieutenant governor of California from 2011 to 2019 and as the 42nd mayor of San Francisco from 2004 to 2011. Born in San Francisco, Newsom graduated from Santa Clara University in 1989 with a Bachelor of Science in political science. Before entering politics, he founded the PlumpJack Group, a boutique winery and hospitality business, with investor Gordon Getty. The company grew to manage 23 businesses, including wineries, restaurants, and hotels. Newsom began his political career in 1996 when San Francisco mayor Willie Brown appointed him to the city's Parking and Traffic Commission. Brown appointed him to the San Francisco Board of Supervisors in 1997 to fill a vacancy, and Newsom was first elected to the board in 1998. He was elected mayor of San Francisco in 2003 and reelected in 2007. During his tenure as mayor, he oversaw the 2004 same-sex weddings in San Francisco and dealt with the aftermath of California Proposition 8 in 2008. Newsom was elected lieutenant governor in 2010 and reelected in 2014. In that role, he hosted The Gavin Newsom Show from 2012 to 2013 and wrote the book Citizenville in 2013, focusing on using digital tools for democratic change. He was elected governor of California in 2018 and reelected in 2022. His tenure as governor has included navigating the COVID-19 pandemic, which contributed to an unsuccessful recall effort in 2021. In 2025, he began hosting a podcast, This Is Gavin Newsom, and oversaw the passage of California Proposition 50, the Election Rigging Response Act, a referendum to amend the State Constitution. His political career has also been marked by events such as the 2025 Los Angeles protests and the Newsom v. Trump legal case.","[{""sourceName"": ""Wikipedia"", ""sourceUrl"": ""https://en.wikipedia.org/wiki/Gavin_Newsom"", ""reliability"": ""high""}]",gavin-newsom
P088,Kathy Hochul,凯西·霍赫尔,1958-08-27,female,州长,,Republican Party,Graduated from Syracuse University in 1980 with a Bachelor of Arts in political science. Received a Juris Doctor from the Catholic University of America Columbus School of Law in 1984.,"Appointed to Hamburg Town Board (1994), later elected and served until 2007. Appointed Deputy Erie County Clerk (2003), then appointed Erie County Clerk (2007), elected to full term (2007) and reelected (2010). U.S. Representative for New York's 26th congressional district (2011-2013). Lieutenant Governor of New York (2015-2021). Governor of New York (2021-present).","Kathleen Courtney Hochul (born August 27, 1958) is an American politician and lawyer who has served as the 57th governor of New York since 2021. A member of the Democratic Party, she is New York's first female governor. Born in Buffalo, New York, Hochul graduated from Syracuse University in 1980 and received a Juris Doctor from the Catholic University of America Columbus School of Law in 1984. Her early career included work as legal counsel and legislative assistant to U.S. Representative John LaFalce and U.S. Senator Daniel Moynihan, and for the New York State Assembly. She entered local elected office in 1994 when she was appointed to the Hamburg Town Board, where she served until 2007. In 2003, she was appointed deputy Erie County clerk, and in 2007, she was appointed Erie County clerk by Governor Eliot Spitzer. She was elected to a full term as clerk in 2007 and reelected in 2010. In May 2011, Hochul won a special election for New York's 26th congressional district, becoming the first Democrat to represent the district in 40 years. She served as a U.S. representative from 2011 to 2013. During her tenure, she co-sponsored bills to streamline passport acquisition, met with President Barack Obama on economic issues, and was one of 17 Democrats to join Republicans in a contempt of Congress resolution against Attorney General Eric Holder. She was narrowly defeated for reelection in 2012 by Chris Collins following redistricting. In the 2014 New York gubernatorial election, Governor Andrew Cuomo selected Hochul as his running mate. After they won the election, Hochul was inaugurated as lieutenant governor. Cuomo and Hochul were reelected in 2018. Hochul took office as governor of New York on August 24, 2021, after Cuomo resigned amid allegations of sexual harassment. She won a full term in the 2022 election against Republican U.S. Representative Lee Zeldin in the narrowest New York gubernatorial election since 1994.","[{""sourceName"": ""Wikipedia"", ""sourceUrl"": ""https://en.wikipedia.org/wiki/Kathy_Hochul"", ""reliability"": ""high""}]",kathy-hochul
P089,JB Pritzker,JB·普利兹克,1965-01-19,male,州长,,Republican Party,Graduated from Duke University with a Bachelor of Arts in political science and earned a Juris Doctor from Northwestern University School of Law in 1993.,"Served on legislative staffs for U.S. representatives and senators in the 1980s. Ran unsuccessfully for the U.S. House of Representatives in the 1998 Democratic primary. Chaired the Illinois Human Rights Commission from 2003 to 2006. Served as national co-chair for Hillary Clinton's 2008 presidential campaign. Elected as the 43rd Governor of Illinois in 2018, taking office in January 2019, and was reelected in 2022.","Jay Robert ""JB"" Pritzker (born January 19, 1965) is an American politician, lawyer, and businessman serving as the 43rd governor of Illinois since 2019. A member of the wealthy Pritzker family, which owns the Hyatt hotel chain, Pritzker graduated from Duke University and Northwestern University School of Law. Before entering electoral politics, he was a longtime active member and financial supporter of the Democratic Party. His early political involvement included serving on the legislative staffs of U.S. Representative Tom Lantos and U.S. Senators Terry Sanford and Alan J. Dixon in the 1980s, focusing on trade and transportation issues. He later founded Democratic Leadership for the 21st Century, an organization aimed at attracting younger voters to the Democratic Party.

Pritzker first sought elected office in 1998, running in the Democratic primary for Illinois's 9th congressional district. He finished third in a crowded and expensive primary. From 2003 to 2006, he chaired the Illinois Human Rights Commission under Governor Rod Blagojevich. In the 2008 presidential election, he served as national co-chair of Hillary Clinton's campaign and was a delegate to the 2008 and 2016 Democratic National Conventions.

Pritzker won the Democratic primary for governor of Illinois in the 2018 election and defeated Republican incumbent Bruce Rauner in the general election. He took office on January 14, 2019, and was reelected in 2022, defeating Republican Darren Bailey. During his governorship, Pritzker has focused on fiscal policy, education, healthcare, incentivizing clean energy, and criminal justice reform. Key policy achievements in his first term included the legalization of recreational cannabis, the expansion of abortion access, and managing the state's response to the COVID-19 pandemic.

In his business career, Pritzker co-founded Pritzker Group Private Capital, where he serves as managing partner. He also co-founded Chicago Ventures and funded the startups Techstars Chicago and Built in Chicago. He served as chairman of ChicagoNEXT, Mayor Rahm Emanuel's Council on Innovation and Technology, and founded 1871, a nonprofit digital startup incubator. According to Forbes, his estimated net worth is $3.9 billion as of August 2025.","[{""sourceName"": ""Wikipedia"", ""sourceUrl"": ""https://en.wikipedia.org/wiki/JB_Pritzker"", ""reliability"": ""high""}]",jb-pritzker
P090,Zohran Mamdani,佐兰·曼达尼,1991-10-18,male,市长,O029,Democratic Party,Graduated from the Bronx High School of Science in 2010. Received a bachelor's degree in Africana studies from Bowdoin College in 2014.,"Worked as a housing counselor and musician. Entered local politics as a campaign manager for Khader El-Yateem and Ross Barkan. Served as a member of the New York State Assembly for the 36th district from 2021 to 2025. Elected Mayor of New York City in November 2025, sworn in on January 1, 2026.","Zohran Kwame Mamdani (born October 18, 1991) is an American politician who has served as the 112th mayor of New York City since 2026. A member of the Democratic Party and the Democratic Socialists of America (DSA), he is New York's first Muslim and Asian American mayor. Mamdani was born in Kampala, Uganda, to Indian parents, academic Mahmood Mamdani and filmmaker Mira Nair. He lived in Cape Town, South Africa, before moving to the United States at age seven, settling in New York City. He graduated from the Bronx High School of Science and earned a bachelor's degree in Africana studies from Bowdoin College in 2014, where he co-founded the school's chapter of Students for Justice in Palestine.

Before entering politics, Mamdani worked as a housing counselor and as a musician. Under the moniker Young Cardamom, he composed and performed rap music, often collaborating with Ugandan rapper HAB. He curated and produced the soundtrack for the 2016 film 'Queen of Katwe' and was nominated for a Guild of Music Supervisors Award.

Mamdani entered New York City politics as a volunteer in 2015 and joined the NYC-DSA in 2017. He worked as a campaign manager for Khader El-Yateem and Ross Barkan and was a field organizer for Tiffany Cabán's 2019 campaign. He was first elected to the New York State Assembly in 2020, defeating incumbent Aravella Simotas in the Democratic primary to represent the 36th district (Astoria and Long Island City, Queens). He was reelected without opposition in 2022 and 2024.

In October 2024, Mamdani announced his candidacy for mayor of New York City in the 2025 election, becoming the first mayoral candidate whose political career originated in Queens. A democratic socialist, he campaigned on a progressive platform supporting fare-free city buses, universal public child care, city-owned grocery stores, a rent freeze on rent-stabilized units, additional affordable housing, and a $30 minimum wage by 2030. He also expressed support for LGBTQ rights, comprehensive public safety reform, and tax increases on corporations and high earners. He won the Democratic primary in June 2025, defeating former governor Andrew Cuomo, and was elected mayor in the November general election. He was sworn in on January 1, 2026.","[{""sourceName"": ""Wikipedia"", ""sourceUrl"": ""https://en.wikipedia.org/wiki/Zohran_Mamdani"", ""reliability"": ""high""}]",zohran-mamdani
P091,Karen Bass,凯伦·巴斯,1953-10-03,female,市长,,Democratic Party,"Studied philosophy at San Diego State University (1971-1973), graduated from the physician assistant program at USC Keck School of Medicine (1982), earned a Bachelor of Science in health sciences from California State University, Dominguez Hills (1990), and received a Master of Social Work from USC Suzanne Dworak-Peck School of Social Work (2015).","Elected to California State Assembly (2004-2010), serving as Speaker from 2008. Served in U.S. House of Representatives (2011-2022), representing California's 33rd and later 37th congressional districts. Elected as 43rd Mayor of Los Angeles in 2022.","Karen Ruth Bass (born October 3, 1953) is an American politician serving as the 43rd mayor of Los Angeles since 2022, the first woman to hold the position. A member of the Democratic Party, her political career spans state and federal levels. Before entering politics, Bass worked as a physician assistant and clinical instructor at the USC Keck School of Medicine after graduating from its physician assistant program in 1982. She also earned a Bachelor of Science in health sciences from California State University, Dominguez Hills in 1990. In the late 1980s, she co-founded Community Coalition, a grassroots organization in South Los Angeles.

Bass began her political career in the California State Assembly, elected in 2004 to represent the 47th district. At her inauguration, she was the only African-American woman in the state legislature. She was re-elected in 2006 and 2008. During her tenure, Speaker Fabian Núñez appointed her as majority whip for the 2005–06 session and majority floor leader for the 2007–08 session. As vice chair of the Legislative Black Caucus, she commissioned the first ""State of Black California"" report.

In 2008, Bass was elected the 67th Speaker of the California State Assembly, becoming the first African-American woman in U.S. history to lead a state legislative body. Her speakership coincided with a severe budget crisis. She negotiated to address a multi-billion dollar shortfall, an effort for which she, along with three colleagues, received the 2010 Profile in Courage Award. As speaker, she promoted laws to improve the child welfare system, expanded Healthy Families Insurance Coverage for children, worked on tax code reform via the California Commission on the 21st-Century Economy, and secured funding for local projects including the Vision Theater and the Los Angeles Unified School District.

Bass was elected to the U.S. House of Representatives in 2010, representing California's 33rd congressional district initially, then the 37th district after 2012 redistribution. She served until 2022. During her congressional tenure, she chaired the Congressional Black Caucus for the 116th Congress (2019–2021) and served as chair of the House Judiciary Subcommittee on Crime, Terrorism, Homeland Security and Investigations and the Foreign Affairs Subcommittee on Africa, Global Health, and Human Rights. She also founded and co-chaired the Congressional Caucus on Foster Youth. While in Congress, she earned a Master of Social Work from the USC Suzanne Dworak-Peck School of Social Work in 2015.

Bass won the 2022 Los Angeles mayoral election, making history as the city's first female mayor and first African-American woman to hold the office.","[{""sourceName"": ""Wikipedia"", ""sourceUrl"": ""https://en.wikipedia.org/wiki/Karen_Bass"", ""reliability"": ""high""}]",karen-bass
P092,Brandon Johnson,布兰登·约翰逊,1976-03-27,male,市长,,Democratic Party,"Earned a bachelor's degree in youth development in 2004 and a master's degree in teaching in 2007, both from Aurora University.","2007-2010: Social studies teacher at Jenner Academy Elementary in Chicago Public Schools. 2011: Became an organizer with the Chicago Teachers Union, helping organize the 2012 strike. 2018-2023: Served as Cook County Board of Commissioner for the 1st district. 2023–present: Serves as the 57th mayor of Chicago.","Brandon Johnson (born March 27, 1976) is an American politician and former educator who has served as the 57th mayor of Chicago since 2023. A member of the Democratic Party, he began his political career on the Cook County Board of Commissioners, representing the 1st district from 2018 to 2023. Born and raised in Elgin, Illinois, Johnson earned a bachelor's degree in youth development and a master's degree in teaching from Aurora University. He started his professional career as a social studies teacher in the Chicago Public Schools system, working at Jenner Academy Elementary and later at George Westinghouse College Prep. During this time, he became an active member and organizer with the Chicago Teachers Union, helping to organize their 2012 strike. In his first run for public office in 2018, Johnson was elected to the Cook County Board of Commissioners, defeating the incumbent. He was reelected in 2022. As a commissioner, Johnson was the chief sponsor of the Just Housing Ordinance, which prohibited landlords from considering prospective tenants' criminal history. He also authored the ""Justice for Black Lives"" resolution in 2020, which called for reallocating funding from policing to public services. Johnson successfully ran for mayor of Chicago in 2023. In the first round of the election, he and Paul Vallas advanced to a runoff, unseating incumbent mayor Lori Lightfoot. Johnson subsequently defeated Vallas in the runoff. His campaign was supported by progressive groups and focused on funding for public schools, police reform, a real estate transfer tax to address homelessness, and raising new revenues through various taxes. Upon his election, he became the third black person to be elected mayor of Chicago and the first mayor to hail from the city's West Side since the 1930s. Throughout his political career, Johnson has been described as a political progressive. As mayor, his stated focuses include combating homelessness and enacting police and education reform.","[{""sourceName"": ""Wikipedia"", ""sourceUrl"": ""https://en.wikipedia.org/wiki/Brandon_Johnson"", ""reliability"": ""high""}]",brandon-johnson
P093,Ron DeSantis,罗恩·德桑蒂斯,1978-09-14,male,州长,,Republican Party,"Graduated from Yale University with a B.A., magna cum laude, in 2001. Graduated from Harvard Law School with a J.D., cum laude, in 2005.","Commissioned as a U.S. Navy officer in 2004, serving as a legal advisor and special assistant U.S. attorney until his honorable discharge from active duty in 2010. Served as the U.S. Representative from Florida's 6th congressional district from 2013 to 2018. Elected as the 46th Governor of Florida in 2018, taking office in 2019. Announced candidacy for the 2024 Republican presidential nomination in May 2023, withdrawing in January 2024.","Ronald Dion DeSantis (born September 14, 1978) is an American politician, attorney, and former naval officer serving since 2019 as the 46th governor of Florida. A member of the Republican Party, he previously served as the U.S. representative from Florida's 6th congressional district from 2013 to 2018.

DeSantis was born in Jacksonville, Florida. He graduated magna cum laude from Yale University in 2001 with a Bachelor of Arts in history, where he captained the varsity baseball team. He then earned a Juris Doctor, cum laude, from Harvard Law School in 2005.

In 2004, DeSantis was commissioned as an officer in the U.S. Navy Judge Advocate General's Corps. His service included advising SEAL Team One, a deployment to Iraq in 2007 as part of the troop surge, and work at the Guantanamo Bay detention camp in 2006. He was appointed as a special assistant U.S. attorney in the Middle District of Florida before his honorable discharge from active duty in 2010. He continued in the Navy Reserve, achieving the rank of lieutenant commander. His military awards include the Bronze Star Medal and the Navy and Marine Corps Commendation Medal.

DeSantis was first elected to the U.S. House of Representatives in 2012, aligning with the Tea Party movement, and was reelected in 2014 and 2016. During his tenure, he became a founding member of the Freedom Caucus. He briefly ran for U.S. Senate in 2016 but withdrew when incumbent Marco Rubio sought reelection.

In 2018, DeSantis won the Republican nomination and was elected Governor of Florida, defeating Democrat Andrew Gillum by a narrow margin. His governorship has included the state's response to the COVID-19 pandemic and major hurricanes. He championed legislation such as the Parental Rights in Education Act and signed the Heartbeat Protection Act. In the 2022 gubernatorial election, he was reelected by a large margin, defeating former governor Charlie Crist.

During his second term, DeSantis established the Florida Department of Commerce and the Florida Department of Government Efficiency, and signed Florida Senate Bill 266. He announced his candidacy for the 2024 Republican presidential nomination on May 24, 2023, but withdrew from the race on January 21, 2024, and endorsed former President Donald Trump.","[{""sourceName"": ""Wikipedia"", ""sourceUrl"": ""https://en.wikipedia.org/wiki/Ron_DeSantis"", ""reliability"": ""high""}]",ron-desantis
P094,Greg Abbott,格雷格·阿博特,1957-11-13,male,州长,,Republican Party,Graduated from the University of Texas at Austin with a Bachelor of Business Administration in finance in 1981. Earned a Juris Doctor from Vanderbilt University Law School in 1984.,1996-2001: Justice of the Texas Supreme Court. 2002-2015: 50th Attorney General of Texas. 2015-present: 48th Governor of Texas.,"Gregory Wayne Abbott (born November 13, 1957) is an American politician, attorney, and jurist who has served as the 48th governor of Texas since 2015. A member of the Republican Party, his political career includes serving as the 50th attorney general of Texas from 2002 to 2015 and as a justice of the Texas Supreme Court from 1996 to 2001. As of 2025, Abbott is the longest-serving incumbent governor in the United States.

Abbott was born in Wichita Falls, Texas. He earned a Bachelor of Business Administration in finance from the University of Texas at Austin in 1981 and a Juris Doctor from Vanderbilt University Law School in 1984. He then worked in private practice for the law firm Butler and Binion, LLP from 1984 to 1992. His judicial career began in Houston, where he served as a state trial judge on the 129th District Court for three years. In 1995, Governor George W. Bush appointed him to the Texas Supreme Court; he was subsequently elected to full terms in 1996 and 1998.

Abbott was elected Texas Attorney General in 2002 and was reelected in 2006 and 2010, becoming the longest-serving attorney general in state history. In this role, he notably advocated for the display of the Ten Commandments at the Texas State Capitol, a position upheld by the U.S. Supreme Court in the 2005 case Van Orden v. Perry. He also defended the state's ban on same-sex marriage and was involved in numerous lawsuits against the Obama administration, challenging the Affordable Care Act and various environmental regulations. He established a Fugitive Unit to track sex offenders and a unit to pursue voter-fraud prosecutions.

Elected governor in 2014, Abbott is the first Texas governor and third U.S. state governor to use a wheelchair. As governor, he has promoted a conservative agenda including maintaining Texas's abortion ban, supporting lenient gun laws, backing law enforcement funding, and pursuing election reform. During the COVID-19 pandemic, he opposed mask and vaccine mandates and blocked local entities from implementing their own. In response to the 2021 winter storm power crisis, he called for reforms to the Electric Reliability Council of Texas (ERCOT) and signed legislation requiring power plant weatherization. He has also prioritized border security, initiating Operation Lone Star in 2021 to combat illegal immigration.","[{""sourceName"": ""Wikipedia"", ""sourceUrl"": ""https://en.wikipedia.org/wiki/Greg_Abbott"", ""reliability"": ""high""}]",greg-abbott
P095,Sarah Huckabee Sanders,莎拉·赫卡比·桑德斯,1982-08-13,female,州长,,Republican Party,"Graduated from Ouachita Baptist University in 2004 with a Bachelor of Arts degree, majoring in political science and minoring in mass communications.",Regional liaison for congressional affairs at the U.S. Department of Education under President George W. Bush. Senior advisor on Donald Trump's 2016 presidential campaign. White House deputy press secretary (2017) and then White House press secretary (2017-2019). Elected 47th Governor of Arkansas in 2023.,"Sarah Elizabeth Huckabee Sanders (born August 13, 1982) is an American politician serving as the 47th governor of Arkansas since 2023. A member of the Republican Party, she is the daughter of former Arkansas governor Mike Huckabee. Before becoming governor, she served as the 31st White House press secretary under President Donald Trump from 2017 to 2019, the third woman to hold that position. She also served as a senior advisor on Trump's 2016 presidential campaign.

Sanders was born in Little Rock, Arkansas, and graduated from Ouachita Baptist University in 2004 with a Bachelor of Arts in political science. Her early political career began with involvement in her father's campaigns, including his 1992 Senate bid and his 2002 gubernatorial reelection campaign. She worked as a regional liaison for congressional affairs at the U.S. Department of Education under President George W. Bush and as a field coordinator for Bush's 2004 reelection campaign in Ohio. She was a founding partner of the Republican consulting firm Second Street Strategies and served as national political director for her father's 2008 presidential campaign. Sanders also worked as a senior adviser to Tim Pawlenty's 2012 presidential run and was involved in the campaigns of Arkansas U.S. Senators John Boozman and Tom Cotton. In 2010, she was named one of Time magazine's ""40 under 40"" in politics.

In the Trump administration, Sanders initially served as deputy White House press secretary before being promoted to press secretary in July 2017. As press secretary, she was the spokesperson for the administration's policy decisions and had a confrontational relationship with the White House press corps. She hosted fewer press conferences than any of the 13 previous press secretaries. During the Mueller probe, she admitted to investigators that she had made false statements in her role. She left the position in June 2019.

In January 2021, Sanders announced her candidacy for governor of Arkansas, with Trump's endorsement. She secured the Republican nomination in May 2022 and won the general election, defeating Democratic nominee Chris Jones. Upon taking office in 2023, she became the first woman to serve as governor of Arkansas, the first woman to be governor of a state of which her father was also governor, and the youngest current governor in the United States. She is the author of the New York Times bestseller ""Speaking for Myself,"" a former Fox News Channel contributor, and has served on the Fulbright board.","[{""sourceName"": ""Wikipedia"", ""sourceUrl"": ""https://en.wikipedia.org/wiki/Sarah_Huckabee_Sanders"", ""reliability"": ""high""}]",sarah-huckabee-sanders
P096,Brian Kemp,布莱恩·坎普,1963-11-02,male,州长,O036,Republican Party,Graduated from the University of Georgia in 1987 with a major in agriculture.,Served as a member of the Georgia State Senate from 2003 to 2007. Appointed and served as Georgia's Secretary of State from 2010 to 2018. Elected as the 83rd Governor of Georgia in 2019 and reelected to a second term in 2022.,"Brian Porter Kemp (born November 2, 1963) is an American politician serving as the 83rd governor of Georgia since 2019. A member of the Republican Party, Kemp is a graduate of the University of Georgia, where he majored in agriculture. Before entering politics, he operated several businesses in agriculture, financial services, and real estate, working as a home builder and developer and founding Kemp Properties, a property management and real estate investment business.

Kemp's political career began with his election to the Georgia State Senate in 2002, where he served from 2003 to 2007. In 2006, he ran unsuccessfully for commissioner of the Georgia Department of Agriculture, losing the Republican primary runoff. In 2010, Governor Sonny Perdue appointed him as Georgia's 27th Secretary of State. Kemp was elected to a full term later that year and was reelected in 2014. During his tenure as Secretary of State, he faced criticism after a data breach of over six million voters' personal information in 2015. During the 2016 election, he was the only state official to reject help from the Department of Homeland Security to guard against Russian interference, rejecting the U.S. Intelligence Community's conclusion on the matter.

Kemp ran for governor in 2018, refusing to resign as secretary of state while campaigning, which stirred controversy. He narrowly defeated Democratic nominee Stacey Abrams, who accused him of voter suppression, though news outlets and experts found no evidence it affected the result. Kemp resigned as secretary of state shortly after the election. As governor, he opposed face mask mandates and stay-at-home orders during the COVID-19 pandemic and prohibited localities from implementing stricter public health measures than the state. After the 2020 presidential election in Georgia, he faced criticism from President Donald Trump for certifying the state's results in accordance with the law.

In 2021, Kemp signed the Election Integrity Act of 2021 into law. During his 2022 reelection campaign, he defeated a primary challenge from former U.S. Senator David Perdue, who was endorsed by Trump, and then defeated Abrams again in the general election by a wider margin. Kemp was sworn in for a second term on January 12, 2023. He is the first Republican since Reconstruction to be elected governor of Georgia who was not a former Democrat.","[{""sourceName"": ""Wikipedia"", ""sourceUrl"": ""https://en.wikipedia.org/wiki/Brian_Kemp"", ""reliability"": ""high""}]",brian-kemp
P097,Glenn Youngkin,格伦·杨金,1966-12-09,male,州长（至2026年1月）,,Republican Party,"Attended Rice University, graduating in 1990 with a Bachelor of Arts in managerial studies and a Bachelor of Science in mechanical engineering. Earned an MBA from Harvard Business School in 1994.","1990-1992: Investment banker at First Boston (later Credit Suisse First Boston). 1994: Management consultant at McKinsey & Company. 1995-2020: Various roles at The Carlyle Group, including Partner and Managing Director (1999), interim CFO (2010-2011), COO (2011-2014), President and COO (2014-2017), and co-CEO (2018-2020). 2022-present: 74th Governor of Virginia.","Glenn Allen Youngkin (born December 9, 1966) is an American politician and businessman serving as the 74th governor of Virginia since 2022. A member of the Republican Party, he spent 25 years at the private-equity firm The Carlyle Group, where he rose to become co-CEO in 2018. He resigned from that position in 2020 to run for governor.

Youngkin was born in Richmond, Virginia. He attended Rice University on a basketball scholarship, graduating in 1990 with degrees in managerial studies and mechanical engineering. He later earned an MBA from Harvard Business School in 1994. After business school, he worked at McKinsey & Company before joining The Carlyle Group in 1995. His career there included roles as a partner, managing director, chief operating officer, and president, culminating in his appointment as co-CEO in 2018. He retired from Carlyle in September 2020.

In January 2021, Youngkin declared his candidacy for the Republican nomination for Governor of Virginia. He won the nomination at the state convention in May 2021 and defeated former Democratic governor Terry McAuliffe in the general election, becoming Virginia's first Republican governor since Bob McDonnell in 2009.

As governor, Youngkin supported COVID-19 vaccination efforts but opposed vaccine mandates and banned mask mandates in Virginia public schools, a ban later partially rescinded after legal challenges. During his first year, he signed a bipartisan state budget that increased education spending alongside tax cuts. His term has included signing a Democratic-passed bill to protect same-sex marriage, repealing protections for transgender students in schools, and unsuccessfully advocating for abortion restrictions following the Supreme Court's Dobbs decision. He has opposed liberalizing recreational marijuana laws while signing a bill to ease the medical marijuana registration process.

Due to Virginia's term limits, Youngkin cannot run for re-election in 2025. He is scheduled to leave office on January 17, 2026, and will be succeeded by Democrat Abigail Spanberger.","[{""sourceName"": ""Wikipedia"", ""sourceUrl"": ""https://en.wikipedia.org/wiki/Glenn_Youngkin"", ""reliability"": ""high""}]",glenn-youngkin
P098,John Whitmire,约翰·惠特迈尔,1949-08-13,male,市长,O016,Republican Party,"Attended the University of Houston to study political science. Began law studies at the Bates College of Law (now University of Houston Law Center) but did not graduate, passing the bar in 1981.",Texas House of Representatives (1973–1983). Texas State Senate (1983–2023). Mayor of Houston (2024–present).,"John Harris Whitmire (born August 13, 1949) is an American attorney and politician who has served as the 63rd mayor of Houston, Texas, since 2024. Whitmire was born in Hillsboro, Texas, and moved to North Houston as a teenager, attending Waltrip High School. He studied political science at the University of Houston, paying for his education by working for the Texas State Welfare Department.

Whitmire's political career began in 1973 when he was elected as a Democratic member of the Texas House of Representatives, serving until 1983. He was inspired to run by his political science professor, who showed him the newly drawn single-member district lines encompassing his neighborhood. During his tenure in the House, he finished his undergraduate degree and began law studies, passing the bar in 1981 while still serving.

In 1983, Whitmire was elected to the Texas State Senate, representing District 15, which included much of northern Houston. He served in the Senate until 2023, becoming its longest-serving member. In 1993, he was appointed Chair of the Senate Criminal Justice Committee by Lieutenant Governor Bob Bullock, overseeing reforms to the penal code and increased prison construction. He also served as acting governor of Texas for a single day in 1993 as part of a tradition. Notably, in 2011, he successfully pushed the Texas Department of Criminal Justice to end the practice of last meal requests for death row inmates after an incident involving a convicted murderer. In 2003, he was part of the ""Texas Eleven,"" a group of Democrats who fled to New Mexico to prevent redistricting legislation, though he ultimately returned, allowing the Republican-favored maps to pass.

In November 2021, Whitmire announced his candidacy for mayor of Houston in the 2023 election. The race became a de facto contest between him and U.S. Representative Sheila Jackson Lee. Whitmire's campaign focused on public safety, pledging to bring state troopers to assist the Houston Police Department. After advancing to a runoff, he won by a wide margin on December 9, 2023. He resigned from the State Senate on December 31, 2023, and assumed the mayoral office in 2024.

As mayor, one of his first actions was to order the removal of recently installed safety improvements on Houston Avenue, a project that cost $100,000 to install and $730,000 to reverse. He has also spoken out against ""anti-car activists"" and directed the removal of specific bike safety infrastructure, including barriers on Heights Blvd, a raised crosswalk on Westheimer Rd, and a bi-directional bike lane on Austin St.","[{""sourceName"": ""Wikipedia"", ""sourceUrl"": ""https://en.wikipedia.org/wiki/John_Whitmire"", ""reliability"": ""high""}]",john-whitmire
P099,Francis Suarez,弗朗西斯·苏亚雷斯,1977-10-06,male,市长,,Republican Party,"Graduated from Florida International University (FIU) with a bachelor's degree in finance, then earned a J.D. cum laude from the University of Florida Fredric G. Levin College of Law in 2004.","Served as a member of the Miami City Commission representing District 4 from 2009 to 2017. Elected as the 43rd mayor of Miami in 2017 and re-elected in 2021, serving until 2025. Worked as an attorney at Greenspoon Marder after law school, then joined Quinn Emanuel Urquhart & Sullivan's Miami office in 2021. Was a candidate in the 2024 Republican Party presidential primaries but withdrew.","Francis Xavier Suarez (born October 6, 1977) is an American lawyer and politician who served as the 43rd mayor of Miami from 2017 to 2025. A member of the Republican Party, he is the son of former Miami mayor Xavier Suarez. Suarez earned a bachelor's degree in finance from Florida International University, graduating in the top 10% of his class, and received his J.D. degree cum laude from the University of Florida Fredric G. Levin College of Law in 2004.

His political career began when he was first elected to represent the 4th district on the Miami City Commission in a 2009 special election, winning a runoff. He was reelected unopposed in 2011 and 2015, serving until 2017. As a commissioner, his policy results were described as mixed. He successfully introduced a motion that decreased city employee salaries and advocated for zoning code changes aimed at easing affordable housing construction. However, he was unsuccessful in an effort to move the city from a weak mayor to a strong mayor form of government. He was an opponent of red light cameras in the city.

Suarez launched a campaign for mayor in the 2013 election against incumbent Tomás Regalado, focusing on increasing emergency financial reserves, helping small businesses, strengthening the police department, and elevating the city's national prominence. His campaign was impacted by scandals involving staffers who pleaded guilty to misdemeanors related to absentee ballot requests. He withdrew from the race in August 2013, citing mistakes made by his campaign team.

He was elected mayor in the 2017 election, becoming Miami's first local-born mayor and the first mayor not born in Cuba since 1996. He was re-elected in 2021, receiving over 78% of the vote. Miami's mayoralty is a part-time position with limited powers under a weak mayor system, including a veto over city commission legislation and the ability to hire and fire the city manager (subject to commission override). Despite the position's limited statutory power, Suarez positioned himself as a high-profile figure in city government.

During his mayoralty, he was noted for his advocacy for cryptocurrency. He also held leadership roles in the United States Conference of Mayors, serving as second vice president (2020), first vice president (2021), and president from June 2022 to June 2023. Suarez was a candidate in the 2024 Republican Party presidential primaries but withdrew after failing to qualify for the first primary debate.

In his private legal career, Suarez worked as an attorney specializing in corporate and real estate transactions at Greenspoon Marder and later at the Miami office of Quinn Emanuel Urquhart & Sullivan, taking unpaid leave in 2023 due to his presidential candidacy.","[{""sourceName"": ""Wikipedia"", ""sourceUrl"": ""https://en.wikipedia.org/wiki/Francis_Suarez"", ""reliability"": ""high""}]",francis-suarez
P100,Mattie Parker,马蒂·帕克,1983-11-09,female,市长,O015,Republican Party,Graduated in 2006 with a Bachelor of Arts in Government from the University of Texas at Austin. Graduated in 2012 with a Juris Doctor from the Texas Wesleyan University School of Law.,"Press assistant, then deputy press secretary and executive assistant for Texas House Speaker Tom Craddick (during college and after 2006). Legislative director and chief of staff for Texas Rep. Phil King (2007-2010). Campaign manager for U.S. Rep. Kay Granger while in law school, later her district director (2012-2014). Associate attorney at Harris, Finley & Bogle, P.C. (2014). Chief of Staff for the Mayor and Fort Worth City Council (2015-2020). Founding CEO of Fort Worth Cradle to Career/Tarrant To & Through Partnership (2020-July 2021). Elected 45th Mayor of Fort Worth (June 2021-present, re-elected 2023 and 2025).","Mattie Parker (born November 9, 1983) is an American politician, businesswoman, and attorney serving as the 45th Mayor of Fort Worth, Texas. She was elected in 2021 and re-elected in 2023 and 2025. Although Fort Worth's mayoral elections are nonpartisan, Parker is affiliated with the Republican Party. She succeeded Betsy Price, who served five consecutive terms and endorsed Parker, her former chief of staff.

Parker was born in Hico, Texas, and graduated from Hico High School in 2002. She earned a Bachelor of Arts in Government from the University of Texas at Austin in 2006 and a Juris Doctor from Texas Wesleyan University School of Law in 2012, later admitted to the State Bar of Texas in 2013.

Her political career began during her junior year at university as a press assistant in Texas House Speaker Tom Craddick's office, later becoming his deputy press secretary and executive assistant. Between 2007 and 2010, she served as legislative director and chief of staff to Texas Representative Phil King. While in law school, she was campaign manager for U.S. Representative Kay Granger. She later became Granger's district director before working as an associate attorney at Harris, Finley & Bogle, P.C.

From 2015 to April 2020, Parker served as Chief of Staff for the Mayor and the Fort Worth City Council. She then became the founding CEO of Fort Worth Cradle to Career and the Tarrant To & Through (T3) Partnership, nonprofits focused on postsecondary education, leaving the position after her mayoral victory but remaining on the board.

In the 2021 mayoral election, Parker placed second in the first round before winning a runoff against Deborah Peoples with 53.5% of the vote, becoming Fort Worth's first millennial mayor and the youngest mayor among the 25 largest U.S. cities. Her campaign raised and spent over $1.98 million, a record for Fort Worth mayoral races.

As mayor, Parker has prioritized education reform, aiming for equitable educational opportunities across Fort Worth's twelve school districts and aiding in hiring a new Fort Worth ISD Superintendent. She secured a federal allocation of $400 million for the Central City Flood Control Project. In association with the Texas Blockchain Council, she also helped Fort Worth become the first U.S. city to mine bitcoin.

Parker is married to David Parker, a registered lobbyist, and they have three children.","[{""sourceName"": ""Wikipedia"", ""sourceUrl"": ""https://en.wikipedia.org/wiki/Mattie_Parker"", ""reliability"": ""high""}]",mattie-parker
